link,organism_biosamp,Generational_Structure,Generational_Structure_citation,ReturnToSpawningGround,ReturnToSpawningGround_citation,Spawning_mode,Spawning_mode_citation,Larval_feeding,Larval_feeding_citation,isPlanktonic_atanypoint,isPlanktonic_atanypoint_citation,isBenthic,PLD_point2,PLD_point_citation,Body_Size,Body_Size_citation,Fecundity_EggSize,Fecundity_EggSize_citation
PRJNA553831_Acanthephyra-purpurea,Acanthephyra purpurea,I,1,FALSE,NA,I,1,P,84,TRUE,1,N,0,1,10,143,1,"1, 143"
PRJNA371502_Acanthurus-olivaceus,Acanthurus olivaceus,I,NA,FALSE,40,F,54,P,54,TRUE,54,S,60.8,112,35,144,0.75,142
PRJNA473816_Acropora-cervicornis,Acropora cervicornis,I,2,FALSE,2,F,55,L,85,TRUE,55,S,10,55,98,145,0.65,180
PRJNA473816_Acropora-palmata,Acropora palmata,I,2,FALSE,2,F,55,L,85,TRUE,55,S,10,55,160,146,0.561,180
PRJNA473816_Acropora-prolifera,Acropora prolifera,I,2,FALSE,2,F,55,L,85,TRUE,55,S,10,55,120,147,0.65,180
PRJNA361144_Agaricia-fragilis,Agaricia fragilis,I,2,FALSE,2,F,56,L,85,TRUE,56,S,10,56,4.74,148,0.4,56
PRJNA385083_Agaricia-undata,Agaricia undata,I,2,FALSE,2,F,56,L,85,TRUE,56,S,10,56,150,149,0.4,56
PRJNA294760_Amphiprion-bicinctus,Amphiprion bicinctus,I,NA,FALSE,NA,N,54,P,54,TRUE,54,S,11,113,14,20,3,181
PRJNA632874_Anthopleura-elegantissima,Anthopleura elegantissima,I,3,FALSE,NA,F,3,P,86,TRUE,86,S,28,86,8,86,0.15,182
PRJNA343012_Aptenodytes-patagonicus,Aptenodytes patagonicus,I,4,TRUE,41,N,NA,N,87,FALSE,NA,S,0,NA,100,87,100,87
PRJNA419445_Arctocephalus-forsteri,Arctocephalus forsteri,I,5,TRUE,5,I,NA,N,5,FALSE,NA,S,0,NA,200,5,NA,NA
PRJNA299372_Aythya-marila,Aythya marila,I,6,TRUE,6,N,NA,N,6,FALSE,NA,S,0,NA,56,6,100,6
PRJNA542967_Bartholomea-annulata,Bartholomea annulata,S,7,FALSE,NA,F,7,L,88,TRUE,7,S,NA,99,30,150,0.2,99
PRJNA595396_Bathygobius-cocosensis,Bathygobius cocosensis,I,NA,FALSE,NA,N,54,P,54,TRUE,54,S,22.5,NA,4,151,0.34,183
PRJNA646172_Bathyraja-aleutica,Bathyraja aleutica,I,8,TRUE,42,N,57,N,57,FALSE,57,A,0,NA,161,152,128,152
PRJNA646172_Bathyraja-panthera,Bathyraja panthera,I,NA,NA,NA,N,57,N,57,FALSE,57,A,0,NA,111,152,98,152
PRJNA340157_Callinectes-sapidus,Callinectes sapidus,I,NA,FALSE,NA,I,58,P,89,TRUE,NA,S,50,NA,20,153,0.26,184
PRJNA286949_Chlorostoma-funebralis,Chlorostoma funebralis,I,NA,FALSE,NA,F,59,P,59,TRUE,59,S,6,59,5,154,0.16,59
PRJNA430030_Coryphaenoides-rupestris,Coryphaenoides rupestris,I,9,FALSE,NA,F,60,P,90,TRUE,90,S,195,NA,110,90,2.4,90
PRJNA573759_Cranchia-scabra,Cranchia scabra,S,10,NA,NA,F,61,P,61,TRUE,61,N,119,61,15,155,NA,NA
PRJNA508986_Ctenolabrus-rupestris,Ctenolabrus rupestris,I,NA,FALSE,NA,F,54,P,54,TRUE,54,S,20.9,114,18,156,0.86,152
PRJNA590458_Dascyllus-trimaculatus,Dascyllus trimaculatus,I,11,FALSE,NA,N,54,P,54,TRUE,54,S,24,115,14,20,2.1,185
PRJNA420851_Ectopleura-larynx,Ectopleura larynx,I,NA,FALSE,NA,I,62,N,NA,FALSE,62,A,0,62,6,157,NA,NA
PRJNA311981_Engraulis-encrasicolus,Engraulis encrasicolus,I,12,FALSE,NA,F,54,P,54,TRUE,54,N,100,116,21,152,1.5,152
PRJNA523574_Eudyptes-chrysolophus,Eudyptes chrysolophus,I,13,TRUE,13,N,NA,N,13,FALSE,NA,S,0,NA,60,13,80,13
PRJNA576675_Eukrohnia-hamata,Eukrohnia hamata,I,NA,FALSE,NA,F,63,P,63,TRUE,104,N,0,117,3,117,NA,NA
PRJNA394157_Exaiptasia-diaphana,Exaiptasia pallida,I,14,FALSE,NA,F,64,P,91,TRUE,105,S,35,105,2.5,158,0.09,105
PRJDB7819_Fibramia-amboinensis,Fibramia amboinensis,I,NA,FALSE,NA,I,54,N,54,FALSE,54,A,0,NA,7,20,NA,NA
PRJNA558810_Gadus-macrocephalus,Gadus macrocephalus,I,15,TRUE,203,F,202,P,202,TRUE,202,N,52.5,NA,122,152,1.1,152
PRJNA528403_Gadus-morhua,Gadus morhua,I,NA,TRUE,44,F,43,P,43,TRUE,43,N,55,118,200,20,1.52,20
PRJNA576132_Galaxea-fascicularis,Galaxea fascicularis,I,2,FALSE,2,F,65,L,92,TRUE,106,S,3,119,500,159,0.45,186
PRJNA564121_Galaxias-maculatus,Galaxias maculatus,S,NA,FALSE,NA,N,66,P,66,TRUE,66,S,150,NA,12,20,1,NA
PRJNA450328_Halichoerus-grypus-atlantica,Halichoerus grypus atlantica,I,16,TRUE,16,I,NA,N,16,FALSE,NA,S,0,NA,200,16,NA,16
PRJNA448438_Holacanthus-passer,Holacanthus passer,I,NA,FALSE,NA,F,54,P,54,TRUE,54,S,25,120,36,20,NA,NA
PRJNA281764_Homarus-americanus,Homarus americanus,I,NA,FALSE,NA,I,67,P,93,TRUE,93,S,12,93,64,160,2,187
PRJNA553554_Istiblennius-lineatus,Istiblennius lineatus,I,NA,FALSE,NA,N,54,P,54,TRUE,54,S,47,121,15,20,NA,NA
PRJNA280898_Lagenorhynchus-acutus,Lagenorhynchus acutus,I,17,FALSE,17,I,NA,N,17,FALSE,NA,N,0,NA,300,17,NA,17
PRJNA480409_Laguncularia-racemosa,Laguncularia racemosa,I,18,FALSE,45,F,68,N,45,TRUE,45,S,NA,NA,93.1,18,NA,NA
PRJNA533707_Larimichthys-polyactis,Larimichthys polyactis,I,19,FALSE,NA,F,69,P,69,TRUE,69,S,66,69,26,161,1.1,69
PRJNA356786_Lateolabrax-maculatus,Lateolabrax maculatus,I,20,FALSE,20,F,20,P,20,TRUE,20,S,59.5,122,102,20,0.4,188
PRJNA521302_Leptopsammia-pruvoti,Leptopsammia pruvoti,I,2,FALSE,2,I,70,L,94,TRUE,70,S,10,123,0.6,"70, 162",0.68,94
PRJNA329407_Lutjanus-campechanus,Lutjanus campechanus,I,NA,FALSE,NA,F,54,P,54,TRUE,54,S,34,124,100,20,0.258151933,189
PRJDB7819_Lutjanus-fulvus,Lutjanus fulvus,I,NA,FALSE,NA,F,54,P,54,TRUE,54,S,34,124,40,20,0.8,190
PRJNA544861_Montipora-capitata,Montipora capitata,I,2,FALSE,2,F,71,P,95,TRUE,71,S,7,125,20,163,0.39,206
PRJNA369717_Nautilus-pompilius,Nautilus pompilius,I,10,NA,NA,I,72,N,96,FALSE,96,N,0,126,25,164,26,191
PRJNA508589_Orbicella-faveolata,Orbicella faveolata,I,21,FALSE,2,F,73,L,95,TRUE,107,S,20,73,83,165,0.25,192
PRJNA511386_Ostrea-lurida,Ostrea lurida,I,22,FALSE,46,I,74,P,97,TRUE,108,S,9.5,108,3.5,166,0.1,108
PRJNA373825_Paracentrotus-lividus,Paracentrotus lividus,I,23,FALSE,NA,F,75,P,98,TRUE,75,S,30,127,7.5,167,66,23
PRJNA640135_Paracirrhites-forsteri,Paracirrhites forsteri,I,20,TRUE,20,F,54,P,54,TRUE,54,S,60.5,128,22,20,NA,NA
PRJNA477007_Paralichthys-dentatus,Paralichthys dentatus,I,20,TRUE,20,F,76,P,76,TRUE,76,S,24,129,94,152,0.82,152
PRJNA554161_Penaeus-duorarum,Penaeus duorarum,I,24,FALSE,47,I,47,P,47,TRUE,47,N,15,47,28,24,0.3,193
PRJNA343959_Phocoena-phocoena,Phocoena phocoena,I,25,FALSE,25,I,NA,N,25,FALSE,NA,N,0,NA,190,25,NA,25
PRJNA659918_Phocoena-sinus,Phocoena sinus,I,26,FALSE,48,I,NA,N,48,FALSE,NA,N,0,NA,150,168,NA,48
PRJNA445895_Pisaster-ochraceus,Pisaster ochraceus,I,NA,FALSE,NA,F,77,P,77,TRUE,77,S,151,NA,25,169,0.15,77
PRJNA471559_Planes-minutus,Planes minutus,I,NA,FALSE,NA,I,78,P,100,TRUE,100,N,0,130,1,170,NA,NA
PRJNA382467_Platichthys-flesus,Platichthys flesus,I,20,TRUE,20,F,76,P,76,TRUE,76,S,29,131,60,152,0.95,152
PRJNA450871_Pocillopora-damicornis,Pocillopora damicornis,I,27,FALSE,2,F,27,P,95,TRUE,109,S,6,132,10,171,0.11,194
PRJNA559876_Pomacanthus-maculosus,Pomacanthus maculosus,I,NA,FALSE,NA,F,54,P,54,TRUE,54,S,22,128,50,20,0.61,195
PRJNA379028_Porites-astreoides,Porites astreoides,I,28,FALSE,2,I,28,P,95,TRUE,28,S,10,133,55,21,0.2,28
PRJNA544861_Porites-compressa,Porites compressa,I,2,FALSE,2,F,79,P,95,TRUE,79,S,3,134,123,172,0.13,79
PRJNA493660_Pygoscelis-adeliae,Pygoscelis adeliae,I,29,TRUE,41,N,NA,N,87,FALSE,NA,S,0,NA,70,87,80,87
PRJNA493660_Pygoscelis-antarcticus,Pygoscelis antarcticus,I,30,TRUE,41,N,NA,N,87,FALSE,NA,S,0,NA,75,87,80,87
PRJNA493660_Pygoscelis-papua,Pygoscelis papua,I,31,TRUE,41,N,NA,N,87,FALSE,NA,S,0,NA,90,87,80,87
PRJNA573759_Pyroteuthis-margaritifera,Pyroteuthis margaritifera,S,10,NA,NA,I,80,P,101,TRUE,80,N,0,135,3,173,0.9,196
PRJNA480308_Rhizophora-mangle,Rhizophora mangle,I,32,FALSE,NA,I,32,L,102,TRUE,NA,S,182.5,NA,2400,174,25,197
PRJNA553831_Robustosergia-robusta,Robustosergia robusta,S,1,FALSE,NA,I,1,P,1,TRUE,1,N,0,1,0.5,175,NA,NA
PRJNA549138_Sargassum-muticum,Sargassum muticum,I,NA,FALSE,NA,I,81,N,103,TRUE,NA,S,NA,NA,1600,204,NA,NA
PRJNA253681_Scomber-scombrus,Scomber scombrus,I,NA,TRUE,49,F,20,P,20,TRUE,110,N,0,136,50,152,1.15,152
PRJNA560239_Sebastes-diaconus,Sebastes diaconus,I,33,FALSE,NA,I,33,P,33,TRUE,33,S,135,137,33,176,NA,NA
PRJNA451040_Sebastes-paucispinis,Sebastes paucispinis,I,33,FALSE,NA,I,33,P,33,TRUE,33,S,135,137,91,152,NA,NA
PRJNA451040_Sebastes-pinniger,Sebastes pinniger,I,33,FALSE,NA,I,33,P,33,TRUE,33,S,135,137,76,152,NA,NA
PRJNA316872_Sebastes-rastrelliger,Sebastes rastrelliger,I,33,FALSE,NA,I,33,P,33,TRUE,33,S,135,137,56,152,NA,NA
PRJNA451040_Sebastes-ruberrimus,Sebastes ruberrimus,I,33,FALSE,50,I,33,P,33,TRUE,33,S,135,137,104,152,NA,NA
PRJNA359404_Sebastiscus-marmoratus,Sebastiscus marmoratus,I,33,FALSE,50,I,33,P,33,TRUE,50,S,135,137,36,177,NA,NA
PRJNA319656_Seriola-lalandi-dorsalis,Seriola dorsalis,I,34,FALSE,NA,F,34,P,34,TRUE,34,N,0,34,250,20,1.4,34
PRJNA385011_Siphamia-tubifer,Siphamia tubifer,I,35,FALSE,NA,I,35,P,35,TRUE,35,S,30,138,4.35,35,0.76,35
PRJNA286089_Sphyrna-tiburo,Sphyrna tiburo,I,20,TRUE,51,I,20,N,20,FALSE,20,N,0,NA,150,152,NA,NA
PRJNA448430_Stegastes-beebei,Stegastes beebei,I,NA,FALSE,NA,N,54,P,54,TRUE,54,S,31.2,139,15,20,NA,NA
PRJNA448430_Stegastes-leucorus,Stegastes leucorus,I,NA,FALSE,NA,N,54,P,54,TRUE,54,S,31.7,112,14,20,NA,NA
PRJNA361144_Stephanocoenia-intersepta,Stephanocoenia intersepta,I,2,FALSE,2,I,82,L,95,TRUE,111,S,NA,NA,60,21,0.32,198
PRJNA553831_Systellaspis-debilis,Systellaspis debilis,I,36,FALSE,NA,I,36,L,36,TRUE,36,N,28,36,1.5,178,3.6,36
PRJNA564451_Uria-aalge,Uria aalge,I,37,TRUE,52,N,NA,N,52,FALSE,NA,S,0,NA,45,205,80,205
PRJNA564451_Uria-lomvia,Uria lomvia,I,37,TRUE,53,N,NA,N,53,FALSE,NA,S,0,NA,48,37,80,53
PRJNA573759_Vampyroteuthis-infernalis,Vampyroteuthis infernalis,I,10,FALSE,NA,I,83,P,83,TRUE,NA,N,0,"140, 141",20,"10, 179",3.5,83
PRJNA348572_Zalophus-wollebaeki,Zalophus wollebaeki,I,38,TRUE,38,I,NA,N,38,FALSE,NA,S,0,NA,250,38,NA,38
PRJNA449377_Zebrasoma-flavescens,Zebrasoma flavescens,I,39,FALSE,NA,F,54,P,54,TRUE,54,S,70,142,20,20,0.75,199
PRJNA449377_Zebrasoma-scopas,Zebrasoma scopas,I,NA,FALSE,NA,F,54,P,54,TRUE,54,S,60,112,40,20,0.63,200
PRJDB7819_Zenarchopterus-dunckeri,Zenarchopterus dunckeri,I,NA,FALSE,NA,I,60,N,60,TRUE,60,S,NA,60,14,20,2,201
PRJNA559677_Caretta-caretta,Caretta caretta,I,212,TRUE,212,N,NA,N,207,FALSE,NA,S,0,NA,95,210,40,207
PRJNA576132_Galaxea-horrescens,Galaxea horrescens,I,2,FALSE,2,I,95,P,95,TRUE,95,S,NA,NA,500,159,0.45,186
PRJNA354496_Symphodus-melops,Symphodus melops,I,NA,FALSE,NA,F,54,P,54,TRUE,54,S,15,211,28,152,0.9,152
PRJNA432036_Thunnus-thynnus,Thunnus thynnus,I,20,TRUE,20,F,213,P,20,TRUE,213,N,0,209,458,20,1,20
PRJNA360511_Trachidermus-fasciatus,Trachidermus fasciatus,I,208,FALSE,20,N,208,P,208,TRUE,208,S,27,208,14,20,2.1,208