"species","run_name","meanlat.genetic","minlat.genetic","maxlat.genetic","meanlat.gbif","minlat.gbif","maxlat.gbif","n_ECOREGIONS.all","n_PROVINCES.all","n_REALMS.all","n_Realm_Costello.all","n_ECOREGIONS.gbif","n_ECOREGIONS.genetic","n_PROVINCES.gbif","n_PROVINCES.genetic","n_REALMS.gbif","n_REALMS.genetic","n_Realm_Costello.gbif","n_Realm_Costello.genetic","max.95.sea.gbif","max.100.sea.gbif","maxgenetic.sea","max.95.gcd.gbif","max.100.gcd.gbif","maxgenetic.gcd","ratio.sea.95","ratio.gcd.95","ratio.sea.100","ratio.gcd.100","PLD_point2","isPlanktonic_atanypoint","Spawning_mode","Larval_feeding","ReturnToSpawningGround","Fecundity_EggSize","Body_Size","Generational_Structure","isBenthic","Large_Adult_Range","isInvert","isFish","isAmniote","isPlant","isCoral","n_samples","mean_raw_read_cnt","read_length","mean_locus_depth","littlem","bigm","n","mean_depth_snp_filtered","n.totalsnps","s","nugget","m","nbhd","inDeme","stacksparams","thetaW","globalPi","meanHet","taxclade","cladecolor"
"Acanthephyra_purpurea","bioprj_PRJNA553831_Acanthephyra-purpurea",29.8003370786517,25.25,39.84,32.7853224298357,-35.65,54.75163,25,9,3,7,25,3,9,3,3,2,7,2,8382,12581,3050,8127.19638353221,12523.2830062484,2532.15165045513,0.363874970174183,0.311565210308676,0.242429059693188,0.202195514482244,0,1,0,2,0,1,10,0,2,1,1,0,0,0,0,81,2928032.09876543,67,87.8,3,9,"nis1lessthanM",63.797441866684,853,0.999154553731559,0.0695019420225475,0.0108502642475114,850.566497603165,0.47782333394423,"littlem_3_bigm_9_n8_nis1lessthanM",0.0280360727862432,0.0133045383814111,0.00613952501741218,"crustacea","#FDBF6F"
"Acanthurus_olivaceus","bioprj_PRJNA371502_Acanthurus-olivaceus",6.65175319230769,-8.666038,21.85,12.3967453165891,-36.2485,35.116667,44,20,5,10,44,5,20,5,5,2,10,4,8871,14803,10189,8707.71025829342,14361.9121663846,10051.7518619254,1,1,0.688306424373438,0.699889523447474,60.8,1,2,2,0,0.75,35,0,1,0,0,1,0,0,0,51,1898982.49019608,95,14.5,3,3,"nis1morethanM",13.3272528221257,374520,0.995145318690564,0.0057573593752345,1.50700945154351e-05,19.9481069008608,0.0202076668944997,"littlem_3_bigm_3_n4_nis1morethanM",0.00754727407443301,0.00482090927665779,0.0044620939138616,"bony fishes","#A6CEE3"
"Acropora_cervicornis","bioprj_PRJNA473816_Acropora-cervicornis",18.0047004238095,12.04069,25.2155,19.2746788030912,8.6,26.55,8,1,1,3,8,4,1,1,1,1,3,1,2470,4187,2511,2426.02296916791,4094.8467956992,2473.98625291727,1,1,0.59971339861476,0.604170650661628,10,1,2,1,0,0.65,98,0,1,0,1,0,0,0,1,21,14019703.2380952,150,29.4,3,3,"nis1lessthanM",35.030940709827,2016,0.999490571505941,0.000479255499004271,1.36218605677692e-05,118.510482280914,0.0614214127108063,"littlem_3_bigm_3_n2_nis1lessthanM",0.000669570747955251,0.000526156460109331,0.000718376189739304,"cnidarians","#FF7F00"
"Acropora_palmata","bioprj_PRJNA473816_Acropora-palmata",17.4650579865385,12.04069,25.22178,20.5614243946372,8.06817,26.782021,8,1,1,3,8,4,1,1,1,1,3,1,2401,4210,2542,2344.4160800155,4108.2236133728,2500.30053958454,1,1,0.603800475059382,0.608608677347975,10,1,2,1,0,0.561,160,0,1,0,1,0,0,0,1,26,13193998,150,28.9,3,3,"nequalM",33.4696575924743,1546,0.999598391408906,0.00137867852783821,0.0101350661754501,514.767953199744,0.0602531845612758,"littlem_3_bigm_3_n3_nequalM",0.000593094686339031,0.000415988347444036,0.000594405977581224,"cnidarians","#FF7F00"
"Acropora_prolifera","bioprj_PRJNA473816_Acropora-prolifera",18.7771953415385,12.0842,24.6209,20.0255892960526,9.331017,25.216666,8,1,1,1,7,5,1,1,1,1,1,1,3072,4187,2511,3013.77640219575,4086.94937343934,2468.78306102494,0.8173828125,0.819165967065858,0.59971339861476,0.604064997004686,10,1,2,1,0,0.65,120,0,1,0,1,0,0,0,1,13,13578194.9230769,150,24.5,3,3,"nis1morethanM",35.272692757338,1885,0.999609512170413,0.000361707603204765,0.00032113714398165,37.1611312027403,0.0743365827777676,"littlem_3_bigm_3_n4_nis1morethanM",0.000558805460371554,0.000413540191700529,0.000573025719761118,"cnidarians","#FF7F00"
"Agaricia_fragilis","bioprj_PRJNA361144_Agaricia-fragilis",32.3015694230769,32.22993,32.37007,19.8898528661417,8.672167,32.349998,10,2,2,2,10,1,2,1,2,1,2,1,3484,4208,33,3420.52605574309,4107.0601758958,27.9650293541985,0.00947187141216992,0.00817565160985837,0.00784220532319392,0.00680901378517032,10,1,2,1,0,0.4,4.74,0,1,0,1,0,0,0,1,104,1144628.32692308,90,35,3,9,"nis1morethanM",13.3170234281279,30957,0.997431955598642,0.00248745566670088,0.000103574554830096,102.84692947919,0.0303231074272552,"littlem_3_bigm_9_n10_nis1morethanM",0.00330423324071914,0.0025186333689966,0.00318137149036745,"cnidarians","#FF7F00"
"Agaricia_undata","bioprj_PRJNA385083_Agaricia-undata",11.6447727272727,10.23,12.54,12.6539065025381,9.31979,27.883333,8,2,2,2,8,1,2,1,2,1,2,1,2397,4124,723,2329.62233569992,3938.63772798337,715.554133471594,0.30162703379224,0.307154564285465,0.175315227934045,0.18167553933374,10,1,2,1,0,0.4,150,0,1,0,1,0,0,0,1,42,4388906.04761905,140,56.2,3,3,"nis1morethanM",26.0794964786731,88752,0.996659979799102,0.00321070272725644,3.37081519091456e-05,82.4464900887841,0.0407123308557703,"littlem_3_bigm_3_n4_nis1morethanM",0.00564258504538078,0.00324903554264681,0.00256477221553883,"cnidarians","#FF7F00"
"Amphiprion_bicinctus","bioprj_PRJNA294760_Amphiprion-bicinctus",20.9150776699029,11.721,28.404,25.435567,-5.420556,29.557669,6,3,1,2,6,3,3,1,1,1,2,2,5438,6098,3118,4961.3486377415,5749.83314591487,2650.32133709216,0.573372563442442,0.534193730497165,0.511315185306658,0.460938825498815,11,1,1,2,0,3,14,0,1,0,0,1,0,0,0,103,911212.203883495,81,15.6,3,3,"nis1lessthanM",11.3218511264134,81069,0.997039017436186,0.00363509686516122,1.41765766698824e-09,52.1640242680659,0.105832612453229,"littlem_3_bigm_3_n2_nis1lessthanM",0.00371734781650206,0.00272486832313785,0.00257533962852583,"bony fishes","#A6CEE3"
"Anthopleura_elegantissima","bioprj_PRJNA632874_Anthopleura-elegantissima",37.8060984592835,27.133388,48.332467,41.8221769159549,26.242,57.049999,7,2,1,2,7,4,2,2,1,1,2,2,2176,5288,2757,1888.28290826776,3880.29065415309,2523.86364539492,1,1,0.521369137670197,0.650431596585069,28,1,2,2,0,0.15,8,0,1,0,1,0,0,0,0,85,369419.2,94,52.9,3,3,"nis1morethanM",33.2593138452421,11143,0.992248609247159,0.00541113105480223,1.75214043597433e-08,17.3617578742034,0.283420483689134,"littlem_3_bigm_3_n4_nis1morethanM",0.00923546453897473,0.00659732958001495,0.00406069534059956,"cnidarians","#FF7F00"
"Aptenodytes_patagonicus","bioprj_PRJNA343012_Aptenodytes-patagonicus",-51.6188888888889,-54.57,-46.43,53.0345094339252,-84.583333,-28.551944,37,14,5,9,37,4,14,3,5,2,9,2,8257,13569,8174,7750.36734190826,13167.3158764894,7849.3370486987,0.989947922974446,1,0.602402535190508,0.596122787842728,0,0,1,0,1,100,100,0,1,0,0,0,1,0,0,63,7152760.66666667,114,77.4,3,3,"nis1lessthanM",72.6804695550994,200050,0.997932873857591,0.00205461993534565,0.0115387615436608,823.208642622103,0.00674616713218688,"littlem_3_bigm_3_n2_nis1lessthanM",0.00383325946771182,0.0020624373853995,0.00201939056241053,"sauropsida","#1F78B4"
"Arctocephalus_forsteri","bioprj_PRJNA419445_Arctocephalus-forsteri",-43.9072083333333,-52.7,-40.88,38.4100531527316,-57.4944,-16.816413,24,12,5,7,24,6,12,2,5,2,7,1,3694,9694,1554,3488.31322937198,9325.94267097479,1315.85598471557,0.420682187330807,0.377218414228377,0.16030534351145,0.141096297837099,0,0,0,0,1,NA,200,0,1,1,0,0,1,0,0,237,1544725.83966245,85,13.1,3,3,"nis1lessthanM",12.845803560046,126900,0.99849178118896,0.00249562666272058,1.62668576452781e-06,1047.94656597735,0.00905400635983233,"littlem_3_bigm_3_n2_nis1lessthanM",0.00251701151853336,0.00150574313909751,0.00156103825614346,"mammals","#B2DF8A"
"Aythya_marila","bioprj_PRJNA299372_Aythya-marila",59.32043365625,45.3333,70.21839,47.0076177437915,27.034994,78.925952,60,14,6,16,60,8,14,3,6,2,16,3,15916,25923,9623,10232.0308467033,14374.6221463145,5762.22702213705,0.604611711485298,0.563155751626139,0.371214751379084,0.400861112277266,0,0,1,0,1,100,56,0,1,0,0,0,1,0,0,64,410879.03125,145,128.5,3,9,"nis1morethanM",99.3657477498063,9000,0.996657000961592,0.00329733353810205,0.0105867770565936,954.355833071854,0.0147170235071278,"littlem_3_bigm_9_n10_nis1morethanM",0.0046035557108067,0.00332957502534221,0.0030164719550264,"sauropsida","#1F78B4"
"Bartholomea_annulata","bioprj_PRJNA542967_Bartholomea-annulata",20.6743573852459,9.418689,32.44823,17.1895720248756,8.639,32.349133,11,3,2,4,11,7,3,1,2,1,4,2,3248,4229,3153,3159.58248934578,4199.83690398865,3137.71404090635,0.970751231527094,0.993078690455725,0.745566327737054,0.747103783465118,NA,1,2,1,0,0.2,30,1,1,0,1,0,0,0,0,121,1283737.02479339,90,46.9,3,3,"nis1morethanM",44.568457517858,72100,0.994067481987266,0.0129094503643912,2.53981555905742e-09,44.8825276240944,0.136293387373971,"littlem_3_bigm_3_n4_nis1morethanM",0.00677801850395721,0.00526259197191042,0.0038343199307433,"cnidarians","#FF7F00"
"Bathygobius_cocosensis","bioprj_PRJNA595396_Bathygobius-cocosensis",-29.93070245,-35.7623,-23.443397,9.38278578811659,-37.5,34.083333,53,26,6,12,53,3,26,3,6,2,12,2,18856,21632,1492,18675.6784708478,19916.4152830339,1381.11680330396,0.0791260076368265,0.0739526976468265,0.0689718934911243,0.0693456519999601,22.5,1,1,2,0,0.34,4,0,1,0,0,1,0,0,0,51,9658633.56862745,151,15,3,3,"nis1morethanM",9.98405439794725,308172,0.998593883038086,0.0023913249393531,3.5264994689331e-05,140.592068877186,0.0100344563045635,"littlem_3_bigm_3_n4_nis1morethanM",0.00336532382717662,0.0014655267742689,0.00308761823384839,"bony fishes","#A6CEE3"
"Bathyraja_aleutica","bioprj_PRJNA646172_Bathyraja-aleutica",57.1,54.8,59.4,55.7323922204344,36.96137,60.720001,11,4,3,2,11,1,4,1,3,1,2,1,3444,8206,913,3312.90440506924,8040.24750514864,885.075079785931,0.265098722415796,0.267159860825333,0.111260053619303,0.110080576402551,0,0,1,0,1,128,161,0,0,1,0,1,0,0,0,91,6241773.95604396,95,67.2,3,3,"nis1lessthanM",42.4082672671665,178752,0.996945094540011,0.00400595410794087,0.00754796632512074,475.096396305894,0.0182576062223781,"littlem_3_bigm_3_n2_nis1lessthanM",0.00564715889293026,0.00299155992275711,0.00212250267258581,"chondrichthyes","#33A02C"
"Bathyraja_panthera","bioprj_PRJNA646172_Bathyraja-panthera",52.0466666666667,51.75,52.67,52.0949022361111,51.25423,53.61361,1,1,1,1,1,1,1,1,1,1,1,1,718.85,1084,378,695.950519854625,1049.08462612498,354.080212514804,0.525839883146692,0.508772107230793,0.348708487084871,0.337513489090652,0,0,1,0,NA,98,111,0,0,1,0,1,0,0,0,15,5593269.4,95,57.5,3,3,"nis1lessthanM",54.2240154359054,65517,0.997445938169893,0.0024803288662944,7.88804723050111e-06,67.0847469977685,0.0255569216564729,"littlem_3_bigm_3_n2_nis1lessthanM",0.00311043091224837,0.00238468784829051,0.00170503695613709,"chondrichthyes","#33A02C"
"Callinectes_sapidus","bioprj_PRJNA340157_Callinectes-sapidus",31.9534673333333,-30.0672,41.76285,29.3440753899501,-38.574651,44.979852,25,7,4,6,25,3,7,3,4,2,6,2,10452,21332,10249,8004.47743965384,9314.42684631593,8241.1980510723,0.980577879831611,1,0.480451903243953,0.884777795461658,50,1,0,2,0,0.26,20,0,1,0,1,0,0,0,0,30,2928053.93333333,75,51.8,3,6,"nis1morethanM",39.5577079173365,142435,0.992381495184173,0.00721375284399536,0.0111323033599129,858.521715079721,0.0510209762323159,"littlem_3_bigm_6_n7_nis1morethanM",0.0113717222907886,0.00730856796132219,0.00577656303377036,"crustacea","#FDBF6F"
"Caretta_caretta","bioprj_PRJNA559677_Caretta-caretta",27.8420444444444,24.902,32.677,26.195191185889,-48.5,60.8187,129,47,12,25,129,2,47,2,12,2,25,1,20724,25910,901,18061.2861848036,20027.5993903997,871.340114529484,0.0434761629029145,0.0482435251628211,0.0347742184484755,0.0435069674375035,0,0,1,0,1,40,95,0,1,1,0,0,1,0,0,39,2448509.15384615,105,11.7,3,3,"nis1morethanM",9.35728358819081,8259,0.997478817753323,0.00249935875296728,0.00954199944347578,590.631824449646,0.00890748413651725,"littlem_3_bigm_3_n4_nis1morethanM",0.00589295594522075,0.00264733635727331,0.00518428644466736,"sauropsida","#1F78B4"
"Chlorostoma_funebralis","bioprj_PRJNA286949_Chlorostoma-funebralis",35.244445,32.8,37.86667,37.9238492007722,26.75,54.18,7,2,1,3,7,2,2,2,1,1,3,1,1981,5301,781,1823.3030192111,3458.22231491093,743.471556622029,0.39424533064109,0.407760832285415,0.147330692322203,0.214986628654953,6,1,2,2,0,0.16,5,0,1,1,1,0,0,0,0,87,1878422.16091954,90,34.2,3,3,"nis1morethanM",26.9073419062502,350465,0.992047473560969,0.0148983731177423,5.03734540008895e-05,326.71618778273,0.00679903836116661,"littlem_3_bigm_3_n4_nis1morethanM",0.0170608593625321,0.00789161145786643,0.00635028145867086,"molluscs","#E31A1C"
"Coryphaenoides_rupestris","bioprj_PRJNA430030_Coryphaenoides-rupestris",56.1496566773034,55.28611111,56.83333333,48.9191658301197,36.118333,72.7,19,5,3,5,19,1,5,1,3,1,5,2,4190,6591,183,4086.29916700815,6388.86787159904,183.498975066249,0.0436754176610979,0.0449059081497944,0.02776513427401,0.0287216731906403,195,1,2,2,0,2.4,110,0,1,1,0,1,0,0,0,89,7728006.62921348,90,72.6,3,3,"nis1morethanM",47.346882988522,235712,0.995713180130473,0.00525097984577373,0.0077305133765595,71.6412816162264,0.00910605449718435,"littlem_3_bigm_3_n4_nis1morethanM",0.00822202015310513,0.00426451918119331,0.00360935278617422,"bony fishes","#A6CEE3"
"Cranchia_scabra","bioprj_PRJNA573759_Cranchia-scabra",31.2626829268293,26.99,40,5.83412408857809,-65.395,46.7456,48,26,9,18,48,2,26,2,9,1,18,2,21111,23347,2935,17754.5533163772,20007.9095987311,2377.86807022706,0.139027047510776,0.133930041936547,0.125712082922859,0.118846402143774,119,1,2,2,NA,NA,15,1,2,1,1,0,0,0,0,40,3259819.65,142,99.1,3,6,"nis1morethanM",70.8272865701573,358635,0.987682780590536,0.0122255190167423,8.51477794486411e-06,237.010421124007,0.00705898797505474,"littlem_3_bigm_6_n7_nis1morethanM",0.0257268473780387,0.0120598128094552,0.00816428393109108,"molluscs","#E31A1C"
"Ctenolabrus_rupestris","bioprj_PRJNA508986_Ctenolabrus-rupestris",56.0495435,43.222174,67.443,55.1234387643947,36.005465,69.464576,9,3,1,5,9,4,3,2,1,1,5,3,3625,5917,3230,1793.57615021387,3976.55097818224,3045.59129423649,0.891034482758621,1,0.54588473888795,0.765887652628231,20.9,1,2,2,0,0.86,18,0,1,0,0,1,0,0,0,60,30068723.6333333,151,11.6,3,3,"nis1lessthanM",6.59518465147174,2558,0.999565149358069,0.00141147376216391,0.0064649254551329,507.478143070097,0.0463939520848861,"littlem_3_bigm_3_n2_nis1lessthanM",0.000846894545392587,0.000429621330206258,0.000752279033346629,"bony fishes","#A6CEE3"
"Dascyllus_trimaculatus","bioprj_PRJNA590458_Dascyllus-trimaculatus",0.7427905625,-22.401986,26.452064,6.69500277444682,-35,35.49815,76,28,6,12,76,10,28,6,6,2,12,5,16722,22233,11965,16284.122517298,19965.5432519866,10882.6154546837,0.715524458796795,0.668296092904207,0.538163990464625,0.545069839439548,24,1,1,2,0,2.1,14,0,1,0,0,1,0,0,0,121,1501738.52892562,92,12.7,3,3,"nis1morethanM",10.6156545336606,603657,0.993271201345252,0.0105758308406714,1.76660142639254e-11,47.6702352139763,0.164302075854409,"littlem_3_bigm_3_n4_nis1morethanM",0.0117606019062079,0.00605420272516734,0.00478906241579329,"bony fishes","#A6CEE3"
"Ectopleura_larynx","bioprj_PRJNA420851_Ectopleura-larynx",46.5177987172131,43.94277778,54.48916,53.7538979796391,37.841278,69.720186,13,6,3,7,13,2,6,2,3,1,7,2,5184,8167,4974,4888.90155619245,7423.55080669472,4630.92707399699,0.959490740740741,0.947232629000537,0.609036365862618,0.623815636827152,0,0,0,0,0,NA,6,0,0,0,1,0,0,0,0,116,1561338.76724138,83,92.5,3,3,"nis1morethanM",21.0192373296647,16879,0.982132059538565,0.00776228089521766,3.91273108497939e-09,10.5530767820992,0.661968787018908,"littlem_3_bigm_3_n4_nis1morethanM",0.00807248059006322,0.00894207015960605,0.00412066306441009,"cnidarians","#FF7F00"
"Engraulis_encrasicolus","bioprj_PRJNA311981_Engraulis-encrasicolus",43.66045375,43.176137,44.640544,38.8777544955781,-12.62,63.880684,23,8,4,9,23,2,8,2,4,1,9,3,8711,23597,2952,6059.67257442486,8517.16368335561,501.832980220943,0.338881873493284,0.0828151973654407,0.125100648387507,0.0589201991270443,100,1,2,2,0,1.5,21,0,2,1,0,1,0,0,0,128,4505141.8828125,95,88.3,3,3,"nis1morethanM",66.8151312155055,341062,0.991250931089189,0.00838449406660931,0.0278136603891302,1118.2814702756,0.0442478503093105,"littlem_3_bigm_3_n4_nis1morethanM",0.0176015757819067,0.00861353353425715,0.0048422384321744,"bony fishes","#A6CEE3"
"Eudyptes_chrysolophus","bioprj_PRJNA523574_Eudyptes-chrysolophus",-52.1032339552239,-61.216667,-45.416667,53.1533163556667,-77.9667,-32.033333,30,14,5,8,30,6,14,2,5,1,8,1,7844,13124,6993,7461.45315191326,12569.5357098461,6758.02721356151,0.891509433962264,0.905725342767665,0.532840597378848,0.537651299901851,0,0,1,0,1,80,60,0,1,1,0,0,1,0,0,67,1793511.89552239,91,101.2,3,3,"nis1morethanM",84.1802455348004,36706,0.997748097432762,0.0022311310510873,0.0063861115140633,536.00988126148,0.00923055950190746,"littlem_3_bigm_3_n4_nis1morethanM",0.00390938832472339,0.00223787414783413,0.00203175329604786,"sauropsida","#1F78B4"
"Eukrohnia_hamata","bioprj_PRJNA576675_Eukrohnia-hamata",75.5096875,60.83,89.2,2.86343224467388,-77.725,89.84255,51,20,9,18,51,4,20,2,9,2,18,3,19839,21256,4198,18502.3750119466,20026.1582001418,3951.86700654869,0.21160340742981,0.213587012694157,0.197497177267595,0.197335253574533,0,1,2,2,0,NA,3,0,2,1,1,0,0,0,0,95,511853.547368421,90,22.3,3,3,"nis1lessthanM",17.537031600962,57333,0.995879555703174,0.00409302688455368,8.45506491868196e-06,280.032080624804,0.00697184047607855,"littlem_3_bigm_3_n2_nis1lessthanM",0.0107453525940038,0.0041184817066209,0.00416935113177135,"not assigned","#C2C0C0"
"Exaiptasia_diaphana","bioprj_PRJNA394157_Exaiptasia-diaphana",9.52501740869565,8.91618,29.900922,21.8337336714286,-34.820303,40.83333,39,20,9,12,39,4,20,4,9,4,12,2,20473,23542,20204,15465.1547643295,19979.985730643,8225.40821790559,0.986860743418161,0.531867177745779,0.858210857191403,0.411682387004432,35,1,2,2,0,0.09,2.5,0,1,0,1,0,0,0,0,113,1192575.18584071,38,52,3,3,"nis1morethanM",20.1774410353555,3952,0.992147435941388,0.00777478432761749,0.000162169769708246,231.642429315056,0.00944743547924098,"littlem_3_bigm_3_n4_nis1morethanM",0.0107155841186872,0.00793604482466763,0.0156389846021247,"cnidarians","#FF7F00"
"Fibramia_amboinensis","bioprj_PRJDB7819_Fibramia-amboinensis",24.9225761632653,24.382934,26.556664,7.431992625,-20.15,28.251944,16,8,2,4,16,1,8,1,2,1,4,3,6694,9535,500,6548.16482062352,8840.03762240367,493.188931901571,0.0746937556020317,0.0753171224933537,0.0524383848977451,0.0557903657165058,0,0,0,0,0,NA,7,0,0,0,0,1,0,0,0,98,1233300.25510204,90,14.4,3,3,"nis1morethanM",9.93738334637174,64611,0.998142175758755,0.00184618056863709,1.7432975143998e-09,879.847917815503,0.00677533718449389,"littlem_3_bigm_3_n4_nis1morethanM",0.00236824264586777,0.00184777552775259,0.00187587812115636,"bony fishes","#A6CEE3"
"Gadus_macrocephalus","bioprj_PRJNA558810_Gadus-macrocephalus",59.3802020945794,54.58333333,64.66608,53.2692007916096,33.138889,71.74145,18,6,3,5,18,2,6,2,3,2,4,3,4211,10906,1982,4015.99705829601,10091.3759621615,1906.00450339193,0.470672049394443,0.474603062632881,0.181734824867046,0.188874590594846,52.5,1,2,2,0,1.1,122,0,2,1,0,1,0,0,0,214,6215615.6635514,92,141.2,3,3,"nis1morethanM",49.4750347495561,64213,0.998752714461584,0.00126193491186332,0.0135985897434018,1005.28415029008,0.00674016641656029,"littlem_3_bigm_3_n4_nis1morethanM",0.00307267022101728,0.001267433275086,0.00135799679124112,"bony fishes","#A6CEE3"
"Gadus_morhua","bioprj_PRJNA528403_Gadus-morhua",48.820085106383,42.6,53.86,46.1049218770326,32.0125,79.745458,25,6,4,8,25,4,6,2,4,2,8,2,5636,8446,1798,5282.19339285394,7243.41518534864,1591.81358203034,0.319020581973031,0.301354657741961,0.21288183755624,0.219760091241232,55,1,2,2,1,1.52,200,0,2,1,0,1,0,0,0,235,3018475.09787234,110,45.3,3,3,"nequalM",29.296329643211,287494,0.997329559687835,0.00362998222030744,1.16610659153476e-08,365.893705583301,0.0158078719864276,"littlem_3_bigm_3_n3_nequalM",0.00679543135854249,0.00264854187856194,0.00260449775732131,"bony fishes","#A6CEE3"
"Galaxea_fascicularis","bioprj_PRJNA576132_Galaxea-fascicularis",25.0553530871658,7.5,30.827102,12.6293385369917,-28.75,30.829108,52,22,6,10,52,8,22,5,6,2,10,3,15428,19802,5167,15086.1344591705,18386.7070478404,4936.04283947439,0.334910552242676,0.327190696386369,0.260933239066761,0.268457142795133,3,1,2,1,0,0.45,500,0,1,0,1,0,0,0,1,173,1370485.9017341,47,22.7,3,3,"nis1morethanM",16.7414823418299,137009,0.981386195091726,0.0493485418028856,1.36612743165698e-08,41.6655884631173,0.151312932043424,"littlem_3_bigm_3_n4_nis1morethanM",0.0410667029455155,0.0187043959477677,0.00870981401550793,"cnidarians","#FF7F00"
"Galaxea_horrescens","bioprj_PRJNA576132_Galaxea-horrescens",10.1449636363636,7.5,13.4,14.2009764295775,-23.916667,20.969999,16,8,3,5,16,2,8,1,3,1,5,2,5663,7246,1321,5482.95932492514,7111.59023483032,1295.00089357947,0.233268585555359,0.23618648558863,0.182307479988959,0.182097231535778,NA,1,0,2,0,0.45,500,0,1,0,1,0,0,0,1,11,1428064.54545455,47,24.9,3,6,"nequalM",29.1876595195125,4986,0.978707750865597,0.042473947549219,0.00863230077507898,699.911949627698,0.00850193413500994,"littlem_3_bigm_6_n6_nequalM",0.0176046238357847,0.0190989416281531,0.0113541839799395,"cnidarians","#FF7F00"
"Galaxias_maculatus","bioprj_PRJNA564121_Galaxias-maculatus",-42.1952839285714,-51.4133,-36.8067,38.4737139175126,-56.008333,-12.383,21,9,3,6,21,3,9,2,3,1,6,2,10808,15590,1888,10557.8406836359,14526.7430883922,1771.98555628966,0.174685418208734,0.167835981749199,0.121103271327774,0.121980924802449,150,1,1,2,0,1,12,1,1,1,0,1,0,0,0,224,1396357.71428571,140,171,3,9,"nis1lessthanM",97.0169390376355,51232,0.99387055134037,0.00569645810442111,0.0288981424733918,1441.92130570143,0.252375448227286,"littlem_3_bigm_9_n8_nis1lessthanM",0.0114779983179535,0.00600396624368446,0.00337971230849098,"bony fishes","#A6CEE3"
"Halichoerus_grypus_atlantica","bioprj_PRJNA450328_Halichoerus-grypus-atlantica",43.4792380952381,41.34,45.87,49.4878288325733,33.643777,70.728175,12,5,2,6,12,3,5,1,2,1,6,2,5989,7858,1360,5669.91036223335,7410.61330621433,897.21950344907,0.227082985473368,0.158242273004059,0.173072028505981,0.121072233346286,0,0,0,0,1,NA,200,0,1,1,0,0,1,0,0,250,2506637.92,45,30.2,3,3,"nis1morethanM",20.6078787116997,34942,0.999184123545885,0.00181464614116335,0.00503986085864852,497.476377377269,0.00679341338273091,"littlem_3_bigm_3_n4_nis1morethanM",0.001843116603549,0.000816888146716208,0.000910959066809975,"mammals","#B2DF8A"
"Holacanthus_passer","bioprj_PRJNA448438_Holacanthus-passer",12.5808866666667,-1.3758,23.996,9.01782996070797,-6.918056,30.266667,15,5,4,3,15,5,5,3,4,2,3,2,4308,20256,3936,4210.53734810095,5683.13964524687,3694.08158577722,0.913649025069638,0.877342077833209,0.194312796208531,0.650007182010174,25,1,2,2,0,NA,36,0,1,0,0,1,0,0,0,30,1611652.66666667,80,35,3,9,"nis1morethanM",33.4847420851975,63930,0.996689075709003,0.0031931459162992,0.010984792099846,840.743513009003,0.0355151719896597,"littlem_3_bigm_9_n10_nis1morethanM",0.00376785920652136,0.00323741708076002,0.00264815789445487,"bony fishes","#A6CEE3"
"Homarus_americanus","bioprj_PRJNA281764_Homarus-americanus",41.8382320443349,39.5,44.3849999999999,42.7470528975576,35.25,50.24131,7,3,2,3,7,2,3,1,2,1,3,1,1367,2720,632,1051.76450572622,2312.88271740402,629.333835308979,0.462326261887345,0.598360024399605,0.232352941176471,0.272099328934129,12,1,0,2,0,2,64,0,1,0,1,0,0,0,0,203,3054113.96551724,80,76.5,3,3,"nequalM",47.7610571164854,132677,0.996014467669867,0.00396163577971769,1.50983405823101e-10,1056.08392174391,0.00676586811235167,"littlem_3_bigm_3_n3_nequalM",0.010484106117894,0.00395274370892681,0.00275978167962027,"crustacea","#FDBF6F"
"Istiblennius_lineatus","bioprj_PRJNA553554_Istiblennius-lineatus",23.1696773615385,21.9324167,26.7111111,4.09586696736597,-31.9,34.697036,47,22,5,8,47,2,22,2,5,2,8,2,12408,19610,913,11978.6633623405,18845.6792130913,897.610211330165,0.0735815602836879,0.074934087734041,0.0465578786333503,0.0476294964580865,47,1,1,2,0,NA,15,0,1,0,0,1,0,0,0,13,7761622.07692308,110,101.4,3,3,"nis1morethanM",94.2283551142252,201108,0.9944245206973,0.0055358002264435,0.00674464798538292,91.7244215178475,0.00719996794815941,"littlem_3_bigm_3_n4_nis1morethanM",0.00708833717998397,0.00545073423104022,0.004854489087728,"bony fishes","#A6CEE3"
"Lagenorhynchus_acutus","bioprj_PRJNA280898_Lagenorhynchus-acutus",58.2835176456327,48.35778,62.22565,44.9710404917068,-30.8333,70.759431,21,8,5,8,21,3,8,1,5,1,8,2,5673,15694,1765,5359.71813401774,14315.3336503201,1553.91629366937,0.311122862682884,0.289925002549439,0.112463361794316,0.10854907972296,0,0,0,0,0,NA,300,0,2,1,0,0,1,0,0,38,2814897.47368421,76,90.5,3,6,"nis1morethanM",75.0014848860062,4683,0.974924845532905,0.0736793139786902,0.0110744362918368,822.111060304504,0.0344754873238155,"littlem_3_bigm_6_n7_nis1morethanM",0.0346845371189799,0.0245703754204115,0.00963212072308071,"mammals","#B2DF8A"
"Laguncularia_racemosa","bioprj_PRJNA480409_Laguncularia-racemosa",21.1952888888889,9.59037,28.25485,12.310351771047,-28.480556,32.478611,32,10,5,6,32,8,10,2,5,2,6,1,20783,21724,2978,9113.87403865677,14304.3460632941,2922.14959626972,0.143290189096858,0.320626506782443,0.137083410053397,0.20428403950378,NA,1,2,0,0,NA,93.1,0,1,0,0,0,0,1,0,43,1758946,86,15.8,3,3,"nis1lessthanM",16.4697356165875,62862,0.995381161819996,0.00165773123885232,1.17772016110011e-09,8.64981652812758,0.630799519399817,"littlem_3_bigm_3_n2_nis1lessthanM",0.00376279960421493,0.00281826325796978,0.00206098196998679,"vascular plants","#CAB2D6"
"Larimichthys_polyactis","bioprj_PRJNA533707_Larimichthys-polyactis",32.26007,29.99056,35.01111,28.5102508104575,17.31,38.76146,5,3,2,2,5,2,3,2,2,1,2,1,2259,2908,578,2134.49260097122,2657.04203083906,565.086699373095,0.255865427180168,0.264740528552769,0.198762035763411,0.212675107436915,66,1,2,2,0,1.1,26,0,1,0,0,1,0,0,0,80,8622480.8375,150,14,3,3,"nis1lessthanM",11.0042100534086,3877,0.998834691934533,0.00215884468641005,0.0108939197269619,844.353293110939,0.00867870948323844,"littlem_3_bigm_3_n2_nis1lessthanM",0.0029633686122999,0.0011869507405307,0.00203641835390166,"bony fishes","#A6CEE3"
"Lateolabrax_maculatus","bioprj_PRJNA356786_Lateolabrax-maculatus",28.9405736651584,20.68333,38.91667,32.7032733324251,17.31,42.644114,9,4,2,3,9,4,4,3,2,2,3,1,3309,3935,3256,3198.64143529113,3603.51506862377,2198.44516393728,0.983983076458144,0.687305910466074,0.827445997458704,0.610083521803309,59.5,1,2,2,0,0.4,102,0,1,1,0,1,0,0,0,221,2126222.50226244,120,59.9,3,3,"nis1morethanM",45.5941309361413,127813,0.996897804349405,0.00700760177802573,1.87052726058017e-08,104.197661363451,0.0293356697892811,"littlem_3_bigm_3_n4_nis1morethanM",0.00483120661519869,0.00303121951797861,0.00264831355556893,"bony fishes","#A6CEE3"
"Leptopsammia_pruvoti","bioprj_PRJNA521302_Leptopsammia-pruvoti",41.6585849056604,38.08,45.19,44.5116802470262,10.281,51.198562,13,6,4,7,13,3,6,1,4,1,7,1,3502,20025,2076,1518.64877624966,14932.9090121469,960.698634938384,0.592804111936037,0.632600934437818,0.103670411985019,0.0643343258943669,10,1,0,1,0,0.68,0.6,0,1,0,1,0,0,0,1,212,2081059.34433962,35,46.3,3,3,"nis1lessthanM",30.6239416109344,31074,0.993441745965845,0.00454982935267551,2.22805077005497e-08,26.6786286505539,0.30735895653121,"littlem_3_bigm_3_n2_nis1lessthanM",0.00894426390461774,0.00590844940189638,0.00599871939998327,"cnidarians","#FF7F00"
"Lutjanus_campechanus","bioprj_PRJNA329407_Lutjanus-campechanus",29.6168935087719,27.98025,30.18888,27.5517153268926,-2.4,41.3304329990643,14,6,3,3,14,1,6,1,3,1,3,1,2979,20832,624,2839.81066294428,6873.58145558853,609.110809084337,0.209466263846929,0.214489936611766,0.0299539170506912,0.088616220382331,34,1,2,2,0,0.258151933,100,0,1,0,0,1,0,0,0,215,1056614.70697674,95,37.6,3,3,"nis1lessthanM",24.6871241384586,80383,0.99620788920925,0.0137709579314567,0.0301056442930932,254.344781518965,0.00678842332823292,"littlem_3_bigm_3_n2_nis1lessthanM",0.00740720944571165,0.00378441527757779,0.0030883938761476,"bony fishes","#A6CEE3"
"Lutjanus_fulvus","bioprj_PRJDB7819_Lutjanus-fulvus",25.1722080508475,24.410525,26.606974,1.76746051380042,-33.833,35.222132,71,30,7,12,71,1,30,1,7,1,12,2,14662,19859,505,14220.6485542998,19502.337303989,502.064340395635,0.034442777247306,0.035305305414065,0.0254292763986102,0.0257438035538921,34,1,2,2,0,0.8,40,0,1,0,0,1,0,0,0,59,1189119.49152542,90,13.6,3,3,"nis1morethanM",9.5575426874986,124632,0.996226434514185,0.00374861019140953,2.37361153056816e-08,938.071342548263,0.00677751548352975,"littlem_3_bigm_3_n4_nis1morethanM",0.00490906465485466,0.00374597442155468,0.0034795247254683,"bony fishes","#A6CEE3"
"Montipora_capitata","bioprj_PRJNA544861_Montipora-capitata",21.4754113617021,21.442255,21.515498,12.7499885348837,-17.56639,28.379999,15,8,3,5,15,1,8,1,3,1,5,1,8457.40000000001,10743,7,8296.83431171933,10582.9461188446,9.0049122772704,0.00082767753683165,0.00108534314883822,0.000651587079959043,0.000850888984612306,7,1,2,2,0,0.39,20,0,1,0,1,0,0,0,1,47,1726907.65957447,150,17.5,3,3,"nis1morethanM",11.2886516613088,77455,0.996669430742501,0.00326612885619522,0.00776839230937328,423.912981560702,0.0194654326638314,"littlem_3_bigm_3_n4_nis1morethanM",0.00492175293186857,0.00332227882798526,0.00427647513087603,"cnidarians","#FF7F00"
"Nautilus_pompilius","bioprj_PRJNA369717_Nautilus-pompilius",-3.35267351923077,-18.253296,9.326334,26.3915847097673,-50,36,45,22,6,11,45,4,22,4,6,2,11,4,4996,16368,7794,3956.09017732994,16199.2683313258,7636.84672171589,1,1,0.476173020527859,0.47143158354553,0,0,0,0,NA,26,25,0,2,1,1,0,0,0,0,51,1948913.17647059,145,211.4,3,3,"nis1morethanM",138.902819293303,9803,0.995135849940669,0.00291438637852765,4.70916175528957e-09,16.3838535734396,0.405411700855016,"littlem_3_bigm_3_n4_nis1morethanM",0.00632199459128956,0.00398767211808959,0.00237367250038295,"molluscs","#E31A1C"
"Orbicella_faveolata","bioprj_PRJNA508589_Orbicella-faveolata",24.7848632984293,24.52202,24.95375,15.5906798175984,8.642056,27.921667,9,2,2,3,9,1,2,1,2,1,3,1,2780,4190,121,2557.94083720723,4087.40628534126,118.521203667112,0.0435251798561151,0.046334614914907,0.0288782816229117,0.0289966779402788,20,1,2,1,0,0.25,83,0,1,0,1,0,0,0,1,191,1167659.89528796,36,13.1,3,3,"nis1lessthanM",12.3640589490302,135106,0.993886698691736,0.00589191972025077,0.00822448782371559,87.1469034231664,0.0286560874103397,"littlem_3_bigm_3_n2_nis1lessthanM",0.00872730528818853,0.00607862312777793,0.0076665852910615,"cnidarians","#FF7F00"
"Ostrea_lurida","bioprj_PRJNA511386_Ostrea-lurida",43.3291459944251,32.6025,50.298667,48.9512448150948,28.0357,52.201967,6,2,1,2,6,5,2,2,1,1,2,1,2092,4630,2301,1880.97490491203,2946.74853102801,2156.78508243734,1,1,0.496976241900648,0.731920304609407,9.5,1,0,2,0,0.1,3.5,0,1,0,1,0,0,0,0,207,3326159.44444444,92,17.3,3,3,"nis1morethanM",16.0819678164707,444312,0.992870342956918,0.0135514349697366,1.26815618858242e-09,34.770229647435,0.1879487520126,"littlem_3_bigm_3_n4_nis1morethanM",0.0105176375736079,0.00605854742032202,0.00500700914601972,"molluscs","#E31A1C"
"Paracentrotus_lividus","bioprj_PRJNA373825_Paracentrotus-lividus",40.9972165201465,37.05044,43.79225,41.6269639010767,27.790908,59.470191,12,3,1,5,12,3,3,1,1,1,5,1,3800,7184,2081,2682.26792876088,5449.23592553372,1437.28549101463,0.547631578947368,0.53584709998699,0.2896714922049,0.263759086715236,30,1,2,2,0,66,7.5,0,1,0,1,0,0,0,0,273,3842486.87545788,35,41,3,3,"nequalM",29.2586847244575,330575,0.988648885069917,0.011255211356769,3.68837056758534e-08,476.140084227886,0.00839177768175348,"littlem_3_bigm_3_n3_nequalM",0.0301853040106137,0.0112634308599062,0.00862073791990499,"echinoderms","#FB9A99"
"Paracirrhites_forsteri","bioprj_PRJNA640135_Paracirrhites-forsteri",21.7389052945977,19.751297,22.430606,4.88224196925297,-32.715,30.461389,62,24,6,12,62,2,24,1,6,1,12,1,17977,22252,320,16264.7981783112,19904.5751084577,313.070170416607,0.0178005228903599,0.0192483280139363,0.0143807298220385,0.0157285532954471,60.5,1,2,2,1,NA,22,0,1,0,0,1,0,0,0,87,2698214.81609195,92,21.9,3,3,"nis1morethanM",16.9298011962092,485940,0.995486800750668,0.00648389341720933,4.6943335770511e-07,1052.45407054868,0.00678457675761654,"littlem_3_bigm_3_n4_nis1morethanM",0.00786460896689981,0.00449398336060233,0.00439585292558328,"bony fishes","#A6CEE3"
"Paralichthys_dentatus","bioprj_PRJNA477007_Paralichthys-dentatus",37.548847505423,28.9569,41.5513,38.7091583493794,25.69333,46.236111,6,3,2,3,6,3,3,2,2,1,3,1,943,3377,1890,921.881954164004,2867.78718290696,1884.92138025777,1,1,0.559668344684631,0.657273800333782,24,1,2,2,1,0.82,94,0,1,1,0,1,0,0,0,229,383225.982532751,130,38.6,3,3,"nis1morethanM",25.590408068942,108009,0.995129287989072,0.0808019759142076,0.0128788977479664,1031.34428975464,0.0162896043859513,"littlem_3_bigm_3_n4_nis1morethanM",0.0160510872278326,0.00487414342122532,0.00467193349239307,"bony fishes","#A6CEE3"
"Penaeus_duorarum","bioprj_PRJNA554161_Penaeus-duorarum",25.2238369303983,9.20392533668335,29.886068,27.05294137221,7.9638,37.68,8,3,2,2,8,3,3,2,2,2,2,2,2956,3392,2672,2462.30629801232,3304.44611024914,2625.71002921191,0.903924221921516,1,0.787735849056604,0.794599137528059,15,1,0,2,0,0.3,28,0,2,1,1,0,0,0,0,58,1117135.03448276,92,134.9,3,6,"nis1morethanM",97.6918674151936,54799,0.988639457637289,0.0113879798348561,0.0137184760005854,1007.94726527762,0.00833469316289019,"littlem_3_bigm_6_n7_nis1morethanM",0.024132833819494,0.0113200386110017,0.00728574783542507,"crustacea","#FDBF6F"
"Phocoena_phocoena","bioprj_PRJNA343959_Phocoena-phocoena",54.9093181818182,41.42,64.78,51.8483732892901,8.57,79.534027,44,13,5,14,44,4,13,2,5,1,14,4,12178,18993,7790,8647.64917649731,13958.734029164,2786.06653328094,0.639678108063721,0.32217617486761,0.410151108303059,0.199593066782418,0,0,0,0,0,NA,190,0,2,1,0,0,1,0,0,44,2427331.09090909,90,10.4,3,3,"nis1morethanM",10.8615800117311,159649,0.998581326583029,0.00127380359121648,1.70833293600605e-10,54.7772619153295,0.112111308858626,"littlem_3_bigm_3_n4_nis1morethanM",0.00196072746631503,0.00131026732300886,0.00126618989166938,"mammals","#B2DF8A"
"Phocoena_sinus","bioprj_PRJNA659918_Phocoena-sinus",31.715,31.36,31.75,31.2929410341436,30.35,32.516667,1,1,1,2,1,1,1,1,1,1,2,2,117,186,45,114.089787266854,184.143525441398,48.7835948528315,0.384615384615385,0.427589497898943,0.241935483870968,0.264921586224092,0,0,0,0,0,NA,150,0,2,1,0,0,1,0,0,11,2796787.90909091,97,35.8,3,3,"nis1morethanM",34.3098777160674,167,0.998255899327591,0.00147092105106693,0.0116168304502002,814.632918684459,0.178843615302756,"littlem_3_bigm_3_n4_nis1morethanM",0.00219080660496343,0.00185011535714594,0.00352502795850315,"mammals","#B2DF8A"
"Pisaster_ochraceus","bioprj_PRJNA445895_Pisaster-ochraceus",38.3851775956284,37.893,38.918,42.1434246317726,21.125511,62.433331,7,3,2,4,7,1,3,1,2,1,4,1,2274,4992,158,2134.40620338194,4917.55219985925,150.924083091022,0.06948109058927,0.0707101032839414,0.031650641025641,0.0306908959899484,151,1,2,2,0,0.15,25,0,1,0,1,0,0,0,0,366,747847.75136612,145,45.9,3,3,"nis1morethanM",21.5687021967082,69364,0.99515193315847,0.0128188930100341,6.66150470412641e-07,732.728616020526,0.00681027005227156,"littlem_3_bigm_3_n4_nis1morethanM",0.00619978307754885,0.00481944940937487,0.00352006475372573,"echinoderms","#FB9A99"
"Planes_minutus","bioprj_PRJNA471559_Planes-minutus",18.9360238869565,-33.9058,38,12.2521664573785,-49.25,53.425906,71,35,12,24,68,19,33,16,12,9,23,13,20942,24438,21522,18652.5445503229,20019.7891587832,19610.8559828848,1,1,0.880677633194206,0.979573552315912,0,1,0,2,0,NA,1,0,2,1,1,0,0,0,0,103,1065985.19417476,90,8.6,3,3,"nequalM",8.11264395942873,262761,0.996776344308407,0.010113617871437,6.39597041932326e-10,103.83321883955,0.0337848990111819,"littlem_3_bigm_3_n3_nequalM",0.0091588995745236,0.00316835753513046,0.00310541017372965,"crustacea","#FDBF6F"
"Platichthys_flesus","bioprj_PRJNA382467_Platichthys-flesus",57.3040677966102,54.75,60.25,53.4631468778498,28.9228,70.483794,14,5,2,9,14,2,5,1,2,1,9,2,5908,10249,1297,2212.58321468564,5343.5470707463,1046.79220894808,0.219532836831415,0.473108627960373,0.126548931603083,0.195898378939867,29,1,2,2,1,0.95,60,0,1,1,0,1,0,0,0,282,847543.184397163,60,34.1,3,3,"nis1morethanM",25.0523452111074,65105,0.996235755722345,0.00350125835913025,1.98597536986508e-08,68.8463668515193,0.0634036073046231,"littlem_3_bigm_3_n4_nis1morethanM",0.00691573990898441,0.00357374354310534,0.00354332072253325,"bony fishes","#A6CEE3"
"Pocillopora_damicornis","bioprj_PRJNA450871_Pocillopora-damicornis",-23.4508168421053,-23.4552,-23.4468,0.339350010967837,-40.529171,33.450001,77,33,8,16,77,1,33,1,8,1,16,1,18749,25252,0,17276.717574926,19923.7815456017,1.58597804431314,0,9.17985744360896e-05,0,7.96022602779066e-05,6,1,2,2,0,0.11,10,0,1,0,1,0,0,0,1,92,3431798.22826087,91,228.5,3,3,"nis1morethanM",91.9822681031459,15122,0.969994515755501,0.00572184808595651,0.0108470569428274,805.56308924017,0.536227435041291,"littlem_3_bigm_3_n4_nis1morethanM",0.00901830132852232,0.00567737085613383,0.00366133576506116,"cnidarians","#FF7F00"
"Pomacanthus_maculosus","bioprj_PRJNA559876_Pomacanthus-maculosus",20.2147947019868,-2.378,28.4,20.3116305337079,-29.871,29.98117,12,5,2,4,10,7,5,3,2,1,4,2,7182,8173,5287,5838.53409255562,7038.6451290567,3489.06301020586,0.736145920356447,0.597592298836547,0.646886088339655,0.495700940483905,22,1,2,2,0,0.61,50,0,1,0,0,1,0,0,0,150,4218463.86666667,91,74.9,3,3,"nis1morethanM",41.8102742008469,103292,0.996988476953764,0.00374001469757018,3.56045964134346e-10,85.4249917460958,0.0833767249194837,"littlem_3_bigm_3_n4_nis1morethanM",0.00366011816335612,0.00285694470033914,0.00259146139715916,"bony fishes","#A6CEE3"
"Porites_astreoides","bioprj_PRJNA379028_Porites-astreoides",16.7479444444444,16.6642,16.8577,17.4075064109608,8.06817,32.364696,12,4,3,5,12,1,4,1,3,1,5,1,2959,21385,27,2873.89819652793,4073.77031094395,25.3099549477517,0.00912470429199054,0.00880683768768485,0.00126256722001403,0.0062129067217555,10,1,0,2,0,0.2,55,0,1,0,1,0,0,0,1,17,2364584.82352941,95,32.1,3,9,"nequalM",45.6327418082634,44765,0.997309869673321,0.00420392576262849,0.000100259899164391,17.5730248692149,0.174079794469946,"littlem_3_bigm_9_n9_nequalM",0.00241002259138418,0.00228168117046113,0.00217984900284478,"cnidarians","#FF7F00"
"Porites_compressa","bioprj_PRJNA544861_Porites-compressa",21.4763864255319,21.442255,21.515498,22.993577091954,19.422927,28.41667,1,1,1,1,1,1,1,1,1,1,1,1,2257.6,2636,7,2207.69754313362,2584.4307572214,9.0049122772704,0.00310063784549964,0.00407887045273818,0.00265553869499241,0.00348429233482419,3,1,2,2,0,0.13,123,0,1,0,1,0,0,0,1,47,1825981.06382979,150,22.9,3,3,"nis1morethanM",13.7123601693814,64075,0.995520363287558,0.00435721067162576,0.00861473423152549,115.311314497967,0.0276645040136948,"littlem_3_bigm_3_n4_nis1morethanM",0.00672456397676091,0.00436943102417714,0.00442794225682763,"cnidarians","#FF7F00"
"Pygoscelis_adeliae","bioprj_PRJNA493660_Pygoscelis-adeliae",-64.5589655172414,-67.58,-59.43,67.7402689690243,-89.836482,-31.93,20,8,4,4,20,5,8,2,4,1,4,2,6898,10746,7354,5749.88312472495,10133.3954430845,5961.1116753366,1,1,0.684347664247162,0.588263993921679,0,0,1,0,1,80,70,0,1,1,0,0,1,0,0,87,4442195.5862069,114,46.5,3,3,"nequalM",41.3256548822954,449567,0.995601848536381,0.00437047393732192,0.00682550880151866,581.441947200515,0.00674811036521927,"littlem_3_bigm_3_n3_nequalM",0.00813686629761941,0.00438590686151988,0.00409199184465956,"sauropsida","#1F78B4"
"Pygoscelis_antarcticus","bioprj_PRJNA493660_Pygoscelis-antarcticus",-60.4836363636364,-64.61,-54.42,61.9687141948245,-82.936944,-32.715106,23,8,4,5,23,5,8,3,4,2,5,1,3805,10733,4709,3635.5134598442,10386.7918020873,4320.0141000818,1,1,0.438740333550731,0.415914190098013,0,0,1,0,1,80,75,0,1,1,0,0,1,0,0,44,4291300.36363636,114,45.8,3,3,"nis1lessthanM",41.7517319187317,133858,0.997967337931376,0.0020199980386758,0.0105799098682651,836.497156338137,0.0067544769399791,"littlem_3_bigm_3_n2_nis1lessthanM",0.00276309630480757,0.0020269604419522,0.00196179426008122,"sauropsida","#1F78B4"
"Pygoscelis_papua","bioprj_PRJNA493660_Pygoscelis-papua",-57.9836231884058,-64.83,-49.37,58.7084432771493,-78.15856,-45.564125,21,7,4,4,21,5,7,3,4,2,4,2,7996,9885,8021,7737.45027068596,8859.63429777679,7798.06970598387,1,1,0.811431461810824,0.880179637656229,0,0,1,0,1,80,90,0,1,1,0,0,1,0,0,69,5203958.57971014,114,55.5,3,3,"nis1lessthanM",49.2146713970299,85634,0.998578974270619,0.000866760325377418,5.97451208032696e-11,24.7035449904246,0.315327137511717,"littlem_3_bigm_3_n2_nis1lessthanM",0.00157680109211693,0.00103317989569109,0.0008803394618239,"sauropsida","#1F78B4"
"Pyroteuthis_margaritifera","bioprj_PRJNA573759_Pyroteuthis-margaritifera",32.911,27.45,40,22.5871224037199,-44.2467,48.7339,48,21,8,14,48,2,21,2,8,1,14,2,21659,24106,2935,18728.0992710284,19976.7996963942,2344.15606974566,0.135509487972667,0.125167857977557,0.121753920185846,0.117343924220694,0,1,0,2,NA,0.9,3,1,2,1,1,0,0,0,0,29,3193068.68965517,142,88.4,3,9,"nequalM",72.6890959534487,247940,0.980981103454087,0.0255252805052022,0.0172711837935789,1255.71413285057,0.121101189591022,"littlem_3_bigm_9_n9_nequalM",0.0254823227188831,0.0176968086198871,0.00789900235916387,"molluscs","#E31A1C"
"Rhizophora_mangle","bioprj_PRJNA480308_Rhizophora-mangle",18.6388512295082,-2.66,28.25506,15.0418240129252,-27.657778,38.614111,31,11,5,7,31,13,11,5,5,3,7,4,20514,21724,20844,9002.637231621,13418.3676325888,7823.64123139708,1,0.869038819415849,0.959491806297183,0.58305461928141,182.5,1,0,1,0,25,2400,0,1,0,0,0,0,1,0,117,4116949.32478632,80,58,3,3,"nequalM",37.6175269001639,48952,0.996514431802143,0.00112152489589681,1.41747963433381e-11,26.3604576666883,0.359187375405024,"littlem_3_bigm_3_n3_nequalM",0.00288322765935066,0.00193913989349986,0.00167527416800291,"vascular plants","#CAB2D6"
"Robustosergia_robusta","bioprj_PRJNA553831_Robustosergia-robusta",32.6594186046512,26.89,40.07,34.3782194880734,-26.1535,59.26,31,12,5,7,31,2,12,2,5,1,7,2,10187,12764,3069,9822.48674853017,12702.8166607128,2538.78263304052,0.301266319819378,0.258466384128278,0.240441867753055,0.199859818562323,0,1,0,2,0,NA,0.5,1,2,1,1,0,0,0,0,60,3109740.81666667,67,38.3,3,3,"nequalM",36.9553109900101,23804,0.989391442449398,0.0120374376317134,4.54798122583492e-08,67.5169907473596,0.0378171574036868,"littlem_3_bigm_3_n3_nequalM",0.0103960696203549,0.0110266644722542,0.00373026143473879,"crustacea","#FDBF6F"
"Sargassum_muticum","bioprj_PRJNA549138_Sargassum-muticum",35.8370113974359,33.877155,42.317222,36.000782245935,31.79542,40.423298,5,2,1,2,5,2,2,2,1,1,2,1,2198,2442,16033,1801.24873351916,1931.33574671931,11694.1701764539,1,1,1,1,NA,1,0,0,0,NA,1600,0,1,0,0,0,0,0,0,77,2040803.74025974,119,31.8,3,3,"nis1morethanM",21.8204919127909,52095,0.997889487545847,0.00108646713516675,0.00397481236003915,0.233484502674643,0.499172063258897,"littlem_3_bigm_3_n4_nis1morethanM",0.00175874851232266,0.00185020175514573,0.000980298807110672,"ochrophyta","#6A3D9A"
"Scomber_scombrus","bioprj_PRJNA253681_Scomber-scombrus",41.2832528,36.137563,45.334415,43.8729592022956,28.049127,78.247644,23,7,3,9,23,2,7,2,3,1,9,2,7135,9924,2588,6339.71562917734,8400.07982344157,1121.20275514078,0.362718990889979,0.176853792933654,0.260781942765014,0.13347525008178,0,1,2,2,1,1.15,50,0,2,1,0,1,0,0,0,10,21395876.1,101,25.6,3,3,"nequalM",30.3636886558905,6876,0.99852418908011,0.00144982101970044,0.0109214593673906,838.523720966361,0.0185808350822877,"littlem_3_bigm_3_n3_nequalM",0.00212837873325676,0.0014946768935223,0.00159951641151596,"bony fishes","#A6CEE3"
"Sebastes_diaconus","bioprj_PRJNA560239_Sebastes-diaconus",44.6711813541667,44.55,44.98333,47.5590964035088,36.63,52.6591,3,1,1,1,3,1,1,1,1,1,1,1,1597,1932,52,1565.55551302737,1923.48126227756,54.7049712974863,0.0325610519724483,0.0349428498972236,0.0269151138716356,0.0284406052558635,135,1,0,2,0,NA,33,0,1,0,0,1,0,0,0,96,2743501.36458333,141,46.5,3,3,"nis1morethanM",31.1615608913584,65492,0.99855110806171,0.0024410731705726,5.09206491914272e-05,237.490218532695,0.00709586822807526,"littlem_3_bigm_3_n4_nis1morethanM",0.00270916063247782,0.00144971161356086,0.00146863822450876,"bony fishes","#A6CEE3"
"Sebastes_paucispinis","bioprj_PRJNA451040_Sebastes-paucispinis",46.9806355953317,43.055750326797,54.53,47.9819985505613,26.379999,59.56,8,3,2,2,8,3,3,1,2,1,2,1,2505,6537,1358,2442.69738957614,6451.67541778467,1358.92858165887,0.542115768463074,0.556322935234591,0.207740553770843,0.210631889185382,135,1,0,2,0,NA,91,0,1,0,0,1,0,0,0,21,1078072.95238095,75,22.4,3,3,"nequalM",24.0138737888688,18057,0.999135083000684,0.000857259867923011,0.00228794546882485,110.969643908855,0.00875897126184033,"littlem_3_bigm_3_n3_nequalM",0.00129799825024974,0.000873991912881301,0.000972430576622514,"bony fishes","#A6CEE3"
"Sebastes_pinniger","bioprj_PRJNA451040_Sebastes-pinniger",48.076833877597,46.42921951,48.6753666666667,50.6546089357247,32.868273,59.56,7,3,2,1,7,2,3,1,2,1,1,1,2095,4916,466,2058.83963103184,4786.74106709891,274.171929077724,0.222434367541766,0.133168181214928,0.0947925142392189,0.0572773678865171,135,1,0,2,0,NA,76,0,1,0,0,1,0,0,0,92,1355142.41304348,75,27.6,3,3,"nequalM",27.5932716460394,42244,0.998791451077169,0.00120075705819307,0.000767655196751708,954.034293334029,0.00677360960364791,"littlem_3_bigm_3_n3_nequalM",0.00219122601291299,0.00120532310354341,0.00133016211476457,"bony fishes","#A6CEE3"
"Sebastes_rastrelliger","bioprj_PRJNA316872_Sebastes-rastrelliger",36.4195416666667,32.667,42,35.4302982516447,28.866667,47.34438,3,2,1,2,3,3,2,2,1,1,2,1,1004,2378,1302,955.503095130398,2226.0770640973,1207.19173853321,1,1,0.547518923465097,0.542295573681201,135,1,0,2,0,NA,56,0,1,0,0,1,0,0,0,117,3944116.82051282,95,68.2,3,3,"nis1morethanM",53.0585896671576,53976,0.999050198685076,0.00118002261876168,0.0111567023163538,828.617556086602,0.00674964901071206,"littlem_3_bigm_3_n4_nis1morethanM",0.00210879391521586,0.00118538053150259,0.00120451219845798,"bony fishes","#A6CEE3"
"Sebastes_ruberrimus","bioprj_PRJNA451040_Sebastes-ruberrimus",47.7562632452145,37.358406984504,56.338,51.805065904684,32.466667,61.127064,10,5,3,1,10,4,5,1,3,1,1,1,3797,8704,2301,3632.0939609394,8518.28317543061,2290.82727464011,0.606004740584672,0.630718064916916,0.264361213235294,0.268930631614546,135,1,0,2,0,NA,104,0,1,0,0,1,0,0,0,151,1753016.06622517,75,34.4,3,3,"nis1morethanM",34.7136389770009,31765,0.998610700391396,0.00134357616093585,5.2225978926088e-08,214.563534079021,0.0309622701114971,"littlem_3_bigm_3_n4_nis1morethanM",0.00157166408818459,0.00136842400933074,0.00150397808416267,"bony fishes","#A6CEE3"
"Sebastiscus_marmoratus","bioprj_PRJNA359404_Sebastiscus-marmoratus",29.2856321948276,21.5,36.7166667,29.7915826858639,17.31,41.537497,9,4,2,3,8,3,4,3,2,2,3,1,3066,4147,2736,2917.13816915579,3885.59781054954,2126.53108726494,0.892367906066536,0.72897852756846,0.659754039064384,0.547285434815548,135,1,0,2,0,NA,36,0,1,0,0,1,0,0,0,58,1772435.72413793,144,7.7,3,6,"nis1morethanM",6.797346333704,550348,0.996135600348679,0.00386760870893386,0.00680861354412541,537.581710176473,0.00675200618752237,"littlem_3_bigm_6_n7_nis1morethanM",0.00513515301807208,0.00386259686675005,0.00345990011258381,"bony fishes","#A6CEE3"
"Seriola_dorsalis","bioprj_PRJNA319656_Seriola-lalandi-dorsalis",28.348003,24.151948,32.719951,28.8036800948836,17.566667,36.621944,7,4,3,2,7,2,4,1,3,1,2,2,2272,3029,1600,1720.1683876816,2917.54132604906,1165.33407207561,0.704225352112676,0.677453486775336,0.528227137669198,0.399423330072826,0,1,2,2,0,1.4,250,0,2,1,0,1,0,0,0,89,5044776.12359551,100,52.2,3,3,"nequalM",40.8692298753136,1009,0.996934539100611,0.00706571544828032,0.0116140210118677,817.573066638377,0.0186494904200653,"littlem_3_bigm_3_n3_nequalM",0.00414842845604012,0.00311897142812913,0.00402210481867649,"bony fishes","#A6CEE3"
"Siphamia_tubifer","bioprj_PRJNA385011_Siphamia-tubifer",26.4579148928571,26.09511,26.84876,5.24145279701492,-28.44166,29.771389,39,20,5,9,39,1,20,1,5,1,9,1,12356,20971,166,11351.627578439,18887.238942899,155.666138227292,0.013434768533506,0.0137131118116455,0.00791569309999523,0.00824186842226703,30,1,0,2,0,0.76,4.35,0,1,0,0,1,0,0,0,280,1753706.45,90,29,3,3,"nequalM",15.0547741079295,200803,0.996666921064626,0.00331138774152251,8.55054002685032e-10,1111.88695717964,0.00676522129097924,"littlem_3_bigm_3_n3_nequalM",0.00676274931916669,0.00331124808017632,0.00300900236508341,"bony fishes","#A6CEE3"
"Sphyrna_tiburo","bioprj_PRJNA286089_Sphyrna-tiburo",28.9433386268657,24.98595,33.697937,22.6589749720373,-29.808333,43.7,26,9,5,6,26,3,9,2,5,2,6,1,20201,21651,1785,7350.67809252226,10497.6436841142,1027.10619503768,0.0883619622790951,0.139729448373279,0.0824442289039767,0.0978415943562624,0,0,0,0,1,NA,150,0,2,1,0,1,0,0,0,126,2130470.53968254,95,25.2,3,3,"nis1lessthanM",16.283204913366,93361,0.997694755949485,0.00529323990098653,0.000109302645718512,2.35337611406288,0.00683888022464199,"littlem_3_bigm_3_n2_nis1lessthanM",0.00266161862930181,0.00230191681153675,0.00228583787387858,"chondrichthyes","#33A02C"
"Stegastes_beebei","bioprj_PRJNA448430_Stegastes-beebei",-0.37544,-1.3758,5.5282,1.41752120066335,-2.2197,17.681117,8,2,1,2,8,2,2,2,1,1,2,1,2431,3171,870,2428.43827337761,3175.50722576204,848.494059408383,0.357877416700946,0.349399063879951,0.274361400189215,0.267199536667647,31.2,1,1,2,0,NA,15,0,1,0,0,1,0,0,0,8,821790.5,80,18.6,3,6,"nequalM",21.3280977486304,52055,0.993967519841642,0.00500867859022202,4.02225224958807e-07,20.9573958573585,0.169150485584097,"littlem_3_bigm_6_n6_nequalM",0.00506464100012063,0.00458241170406394,0.00204728284262014,"bony fishes","#A6CEE3"
"Stegastes_leucorus","bioprj_PRJNA448430_Stegastes-leucorus",24.18095,19.3094,29.0525,14.2259427127273,-1.349849,38.7005,9,4,3,3,9,2,4,2,3,2,3,1,4824,18861,1331,4768.26325965129,10014.9424341934,1322.41742565709,0.275912106135987,0.277337335135687,0.0705688987858544,0.132044436036102,31.7,1,1,2,0,NA,14,0,1,0,0,1,0,0,0,14,683534.214285714,80,12.8,3,9,"nis1morethanM",13.6676038908418,110596,0.993652889235256,0.00606363230143498,0.0112156091596666,852.700707046216,0.064860997391738,"littlem_3_bigm_9_n10_nis1morethanM",0.00670675951895385,0.00625352686300898,0.00623649236186345,"bony fishes","#A6CEE3"
"Stephanocoenia_intersepta","bioprj_PRJNA361144_Stephanocoenia-intersepta",31.933235706422,12.183581,32.37007,19.9293375155684,8.06817,32.349998,10,2,2,4,10,2,2,1,2,1,4,2,3176,4207,2323,3036.22003043218,4107.35845765337,2286.43987870606,0.731423173803526,0.753054737729467,0.552174946517709,0.556669183437269,NA,1,0,1,0,0.32,60,0,1,0,1,0,0,0,1,103,1345276.9223301,101,22.9,3,3,"nis1morethanM",13.8236696195689,86967,0.991612955910501,0.00770173336440966,4.66189921534328e-08,99.8121386245996,0.0611420889548904,"littlem_3_bigm_3_n4_nis1morethanM",0.0114099656227469,0.00768553465639272,0.00573662149888099,"cnidarians","#FF7F00"
"Symphodus_melops","bioprj_PRJNA354496_Symphodus-melops",59.1889230769231,56.76,63.46,55.9053222033372,27.75556,65.464362,12,4,2,6,12,3,4,1,2,1,6,1,4683,22894,1252,2355.59627043229,5008.7832174128,1055.73054578969,0.267349989323084,0.448179749238586,0.0546868175067703,0.210775851132765,15,1,2,2,0,0.9,28,0,1,0,0,1,0,0,0,65,23783276.3538462,126,19.4,3,3,"nis1morethanM",13.9292954690595,5974,0.999214454797965,0.00177857434249864,0.00536456446263515,16.8999936046434,0.00759660652125635,"littlem_3_bigm_3_n4_nis1morethanM",0.0010674761439737,0.000810831369596978,0.0017182939633105,"bony fishes","#A6CEE3"
"Systellaspis_debilis","bioprj_PRJNA553831_Systellaspis-debilis",28.1477894736842,25.16,40.18,15.7290000542636,-53.158,58.75,70,31,10,19,70,3,31,3,10,2,19,2,21053,23702,3176,18505.8738961558,20010.0656273202,2613.3670600614,0.1508573599962,0.141218246418736,0.133997131043794,0.130602623136493,28,1,0,1,0,3.6,1.5,0,2,0,1,0,0,0,0,94,1477125.80851064,67,82.5,3,6,"nequalM",34.6395431413661,2210,0.991573370586744,0.0771845060785089,0.0120254329846319,846.939471157413,0.252815797118845,"littlem_3_bigm_6_n6_nequalM",0.0371003301835347,0.0166719754941805,0.00745875744874562,"crustacea","#FDBF6F"
"Thunnus_thynnus","bioprj_PRJNA432036_Thunnus-thynnus",37.819480333552,25.5426655290366,43.8137818605916,34.9188170010449,3.999989,68.72678,32,9,4,8,32,3,9,2,4,2,8,2,8090,21987,10565,7494.15999101938,11420.3262235363,10071.0024480096,1,1,0.480511211170237,0.881848928908361,0,1,2,2,1,1,458,0,2,1,0,1,0,0,0,271,1026050.85239852,85,7.8,3,3,"nequalM",7.23152511630844,10057,0.997086330336458,0.022943831673585,0.011086086852282,836.649494765182,0.00777925453451225,"littlem_3_bigm_3_n3_nequalM",0.0079302722715464,0.00296550914517226,0.00402095242057158,"bony fishes","#A6CEE3"
"Trachidermus_fasciatus","bioprj_PRJNA360511_Trachidermus-fasciatus",34.74,30.06,39.7800000000001,34.63836252,30.017303,42.291667,3,2,1,3,3,2,2,2,1,1,3,2,1063,1347,1157,1151.04993165823,1425.48791391588,1152.51848872316,1,1,0.85894580549369,0.808508074654346,27,1,1,2,0,2.1,14,0,1,1,0,1,0,0,0,25,5074280.16,125,13.3,3,3,"nequalM",11.9508330465911,3988,0.997287730433736,0.00467454457969026,0.0111959032949265,830.328291324744,0.0276988939050795,"littlem_3_bigm_3_n3_nequalM",0.00414630633229883,0.0019554609983206,0.00234152182999435,"bony fishes","#A6CEE3"
"Uria_aalge","bioprj_PRJNA564451_Uria-aalge",56.2091458372093,42.27,70.23,51.883753422837,20.766666,82.528625,51,13,6,13,51,7,13,3,6,3,13,3,11826,19207,5687,8586.51835823552,14064.6391069361,5477.75238287075,0.480889565364451,0.637948019713592,0.296089967199459,0.389469814420573,0,0,1,0,1,80,45,0,1,1,0,0,1,0,0,128,852116.578125,117,67.2,3,3,"nis1morethanM",29.1480580919544,39488,0.9951188379417,0.004832073755334,9.8127739190449e-08,266.33607964848,0.00992813154588647,"littlem_3_bigm_3_n4_nis1morethanM",0.0054672056840869,0.00485048352396249,0.00403073177597156,"sauropsida","#1F78B4"
"Uria_lomvia","bioprj_PRJNA564451_Uria-lomvia",64.6253926293706,49.755878,75.48,60.2007376902474,27.859645,83.31,51,12,5,12,51,7,12,2,5,2,12,3,9825,21039,5435,7798.58126941228,12373.8102504146,4704.25353750712,0.553180661577608,0.603219146533514,0.25832976852512,0.380178250862503,0,0,1,0,1,80,48,0,1,1,0,0,1,0,0,143,919384.601398601,117,70.3,3,3,"nis1morethanM",30.5202750566123,62046,0.992393570499117,0.00756126179302662,0.0107798788233166,858.215848892008,0.00676569387289874,"littlem_3_bigm_3_n4_nis1morethanM",0.00839513617369864,0.00757680713751059,0.00579435541873544,"sauropsida","#1F78B4"
"Vampyroteuthis_infernalis","bioprj_PRJNA573759_Vampyroteuthis-infernalis",29.622,26.89,40,8.74831152848101,-67.95,59.12861,62,34,12,19,62,2,34,2,12,1,19,2,21046,23541,2968,17612.5929643652,19742.1298404295,2465.4589100267,0.141024422693148,0.139982733661929,0.126077906630984,0.124883127096942,0,1,0,2,0,3.5,20,0,2,1,1,0,0,0,0,22,916413.863636364,140,36.4,3,3,"nis1morethanM",30.5732438338306,97856,0.991037918541313,0.00858976004580152,0.0261468851206335,1454.3126183548,0.0425538499259111,"littlem_3_bigm_3_n4_nis1morethanM",0.0149504249924637,0.00863377643326379,0.00524564576258922,"molluscs","#E31A1C"
"Zalophus_wollebaeki","bioprj_PRJNA348572_Zalophus-wollebaeki",-0.534816861702128,-1.368611,0.536111,0.710479332836562,-1.57,1.302106,3,1,1,1,3,2,1,1,1,1,1,1,260,396,279,222.17798592821,391.554419670885,244.671285151168,1,1,0.704545454545455,0.62487172372316,0,0,0,0,1,NA,250,0,1,1,0,0,1,0,0,94,585394.127659575,119,30.4,3,9,"nis1morethanM",19.6914800044734,13007,0.999662893538085,0.00033022763380702,5.23444437819309e-06,126.767120431684,0.0210966328647302,"littlem_3_bigm_9_n10_nis1morethanM",0.000605871178112646,0.000358922996821132,0.000401220824039277,"mammals","#B2DF8A"
"Zebrasoma_flavescens","bioprj_PRJNA449377_Zebrasoma-flavescens",15.6630004882353,9.9032778,19.64,20.1223559470166,-22.433,28.45155,23,12,3,7,23,2,12,2,3,2,7,2,6341,11397,7054,6268.14629580866,11306.8989423633,6967.39307258922,1,1,0.618934807405458,0.616207247283748,70,1,2,2,0,0.75,20,0,1,0,0,1,0,0,0,17,685523.588235294,80,11.6,3,9,"nis1morethanM",12.1850503270114,132183,0.992582460799796,0.00686539063046784,0.248482725205583,0.227707536198904,0.0708457673746141,"littlem_3_bigm_9_n10_nis1morethanM",0.00703517374188643,0.0071694485797751,0.00717775484366737,"bony fishes","#A6CEE3"
"Zebrasoma_scopas","bioprj_PRJNA449377_Zebrasoma-scopas",5.21865705695833,-17.5388,26.2124,13.4204881167602,-33.800108,30.82,57,23,5,12,57,4,23,3,5,2,12,3,13210,19097,10196,12942.0562656163,18807.8632494392,10154.9773934258,0.771839515518547,0.784649454847832,0.533905849086244,0.53993254091363,60,1,2,2,0,0.63,40,0,1,0,0,1,0,0,0,96,704903.697916667,80,14.2,3,6,"nis1morethanM",13.8587686988964,266883,0.993377991753965,0.0103820570234109,1.04138029014145e-08,181.91491077532,0.0422347943806688,"littlem_3_bigm_6_n7_nis1morethanM",0.0123766712580935,0.00653441284829299,0.00620561691445106,"bony fishes","#A6CEE3"
"Zenarchopterus_dunckeri","bioprj_PRJDB7819_Zenarchopterus-dunckeri",24.4706352,24.313183,24.760338,4.71450304,-15.523,23.02,11,6,1,3,10,1,5,1,1,1,3,2,7156.19999999999,8050,175,6903.13865205338,7731.65663859762,167.060669648617,0.0244543193314888,0.0242006829167373,0.0217391304347826,0.0216073575764636,NA,1,0,0,0,2,14,0,1,1,0,1,0,0,0,100,1140179.68,100,18,3,9,"nis1morethanM",10.8381963781571,97313,0.99267568431534,0.00691170237289889,0.0476117041762769,1281.26480358925,0.0570813488507856,"littlem_3_bigm_9_n10_nis1morethanM",0.00420433856455437,0.00712991365535912,0.00122174757130359,"bony fishes","#A6CEE3"
