"","x","y","run_acc_sra","x.orig","y.orig","initial.end.lon","initial.end.lat","end.lon","end.lat","total_dist_moved_km","wiggle_dist_moved_km"
"1",-38.895023,-13.636544,"gbif1",-38.895023,-13.636544,NA,NA,NA,NA,NA,NA
"2",-88.3903,15.8097,"gbif10",-88.3903,15.8097,NA,NA,NA,NA,NA,NA
"3",-74.2218161060262,11.2431330287415,"gbif100",-74.21,11.24,-74.2218161060262,11.2431330287415,-74.2218161060262,11.2431330287415,1.3360203963832,0
"4",-77.9811076125208,18.506854390515,"gbif101",-77.926,18.468,-77.9433713247496,18.4933847446504,-77.9811076125208,18.506854390515,7.2364685566132,4.25479611817764
"5",-40.4408223745138,-20.7076695072249,"gbif102",-40.505,-20.686,-40.460768682973,-20.7251572491989,-40.4408223745138,-20.7076695072249,7.10334363488037,2.83996755493289
"6",-40.4408223745138,-20.7076695072249,"gbif103",-40.505,-20.686,-40.460768682973,-20.7251572491989,-40.4408223745138,-20.7076695072249,7.10334363488037,2.83996755493289
"7",-44.3748842378218,-23.1752500926269,"gbif104",-44.319,-23.022,-44.3748842378218,-23.1366393011057,-44.3748842378218,-23.1752500926269,17.9113670654756,4.27599719971474
"8",-70.68,11.68,"gbif105",-70.68,11.68,NA,NA,NA,NA,NA,NA
"9",-70.68,11.68,"gbif106",-70.68,11.68,NA,NA,NA,NA,NA,NA
"10",-69.0461196517874,12.1711745090774,"gbif107",-69,12.17,-68.9861895252757,12.1711745090774,-69.0461196517874,12.1711745090774,5.02105440152003,6.5224041272248
"11",-64.9120207445823,18.440163023342,"gbif108",-64.925576,18.362046,-64.9212048576871,18.3869795972369,-64.9120207445823,18.440163023342,8.76417537349545,5.9660318157923
"12",-76.7808853491387,17.9066320859578,"gbif109",-76.79691,18.024487,-76.7808853491387,17.9556085587255,-76.7808853491387,17.9066320859578,13.1541032008078,5.4206746890252
"13",-88.6497499536951,15.97258243794,"gbif11",-88.5908,15.965,-88.6046392271214,15.9863176535992,-88.6497499536951,15.97258243794,6.36618595603611,5.06243601281646
"14",-89.635261,21.281969,"gbif110",-89.635261,21.281969,NA,NA,NA,NA,NA,NA
"15",-45.3083904426746,-23.7087810300111,"gbif111",-45.349693,-23.760277,-45.31950361178,-23.7087810300111,-45.3083904426746,-23.7087810300111,7.08961008082976,1.13331525669188
"16",-89.631556,21.276713,"gbif112",-89.631556,21.276713,NA,NA,NA,NA,NA,NA
"17",-89.63517,21.28204,"gbif113",-89.63517,21.28204,NA,NA,NA,NA,NA,NA
"18",-44.6416002963512,-23.1803801977941,"gbif114",-44.720429,-23.220038,-44.6416002963512,-23.1803801977941,-44.6416002963512,-23.1803801977941,9.1874851474297,0
"19",-60.87949,14.7568,"gbif115",-60.87949,14.7568,NA,NA,NA,NA,NA,NA
"20",-61.511390998333,16.1726565394591,"gbif116",-61.56111,16.15,-61.5715696201144,16.1485630255489,-61.511390998333,16.1726565394591,5.87877011451077,6.96638807092532
"21",-61.511390998333,16.1726565394591,"gbif117",-61.53985,16.22688,-61.5280390490538,16.2145689219985,-61.511390998333,16.1726565394591,6.72788143754507,4.96792480487351
"22",-61.55057,16.30027,"gbif118",-61.55057,16.30027,NA,NA,NA,NA,NA,NA
"23",-61.5780700129654,16.3727306409781,"gbif119",-61.52278,16.39278,-61.5196372288455,16.3927733219091,-61.5780700129654,16.3727306409781,6.30948997474754,6.62458963048613
"24",-88.6497499536951,15.97258243794,"gbif12",-88.6,15.9667,-88.6103732810237,15.9828764791645,-88.6497499536951,15.97258243794,5.36539197446557,4.3663286323235
"25",-61.511390998333,16.1726565394591,"gbif120",-61.53044,16.2235,-61.5247271661288,16.2175330980514,-61.511390998333,16.1726565394591,5.9836856088656,5.16673155730023
"26",-62.9783293202445,18.1733975546499,"gbif121",-63.04728,18.13389,-63.0021955375268,18.1524587237918,-62.9783293202445,18.1733975546499,8.50589851911126,3.42748625626519
"27",-64.5786256714206,18.3067802889959,"gbif122",-64.605636,18.399847,-64.5956886394166,18.3679563742147,-64.5786256714206,18.3067802889959,10.6892503631546,7.00728391785055
"28",-64.978611,18.339167,"gbif123",-64.978611,18.339167,NA,NA,NA,NA,NA,NA
"29",-61.511390998333,15.5724342349018,"gbif124",-61.468057,15.595253,-61.457758930374,15.5938769116747,-61.511390998333,15.5724342349018,5.28928529984023,6.22235519799279
"30",-72.713465456566,18.9070025935532,"gbif125",-72.42,19,-72.6606819239989,18.9070025935532,-72.713465456566,18.9070025935532,32.577233779125,5.56076660497167
"31",-78.35,18.3,"gbif126",-78.35,18.3,NA,NA,NA,NA,NA,NA
"32",-64.5,11,"gbif127",-64.5,11,NA,NA,NA,NA,NA,NA
"33",-64.5,11,"gbif128",-64.5,11,NA,NA,NA,NA,NA,NA
"34",-64.5,11,"gbif129",-64.5,11,NA,NA,NA,NA,NA,NA
"35",-82,26.4,"gbif13",-82,26.4,NA,NA,NA,NA,NA,NA
"36",-77.1142804223004,17.8532789922193,"gbif130",-77.297508,18.109581,-77.1142804223004,17.8532789922193,-77.1142804223004,17.8532789922193,34.3703826801531,0
"37",-64.1118725689942,11.0124120044461,"gbif131",-64.035753,10.982855,-64.1118725689942,11.0124120044461,-64.1118725689942,11.0124120044461,8.93835829038705,0
"38",-82.0504,26.431408,"gbif132",-82.0504,26.431408,NA,NA,NA,NA,NA,NA
"39",-77.1142804223004,17.8532789922193,"gbif133",-77.116234,17.89016,-77.1142804223004,17.8532789922193,-77.1142804223004,17.8532789922193,4.08718100034183,0
"40",-75.141003,19.923291,"gbif134",-75.141003,19.923291,NA,NA,NA,NA,NA,NA
"41",-75.154201,19.918174,"gbif135",-75.154201,19.918174,NA,NA,NA,NA,NA,NA
"42",-75.176854,19.935533,"gbif136",-75.176854,19.935533,NA,NA,NA,NA,NA,NA
"43",-44.6423756337306,-23.1752500926269,"gbif137",-44.697537,-23.152819,-44.6423756337306,-23.1752500926269,-44.6423756337306,-23.1752500926269,6.1705457321148,0
"44",-75.5806630857566,10.3705075954057,"gbif138",-75.582339,10.309271,-75.5849615910383,10.3095841411728,-75.5806630857566,10.3705075954057,6.77581098324246,6.75511296146099
"45",-81.816367103254,26.2003671994109,"gbif139",-81.816367103254,26.2003671994109,NA,NA,NA,NA,NA,NA
"46",-81.8338756486769,26.2921621885912,"gbif14",-81.7,26.3,-81.8338756486769,26.2921621885912,-81.8338756486769,26.2921621885912,13.3977226602269,0
"47",-73.7136506760511,18.1733975546499,"gbif140",-73.738722,18.192766,-73.7357399962323,18.1738142798176,-73.7136506760511,18.1733975546499,3.41040728223116,2.3375252054689
"48",-62.615831,17.194471,"gbif141",-62.615831,17.194471,NA,NA,NA,NA,NA,NA
"49",-60.8407,11.1551,"gbif142",-60.8407,11.1551,NA,NA,NA,NA,NA,NA
"50",-81.2621,24.6616,"gbif143",-81.2621,24.6616,NA,NA,NA,NA,NA,NA
"51",-64.1020546071634,10.8661770541816,"gbif144",-64.0881,10.8959,-64.1020546071634,10.8661770541816,-64.1020546071634,10.8661770541816,3.62447876619163,0
"52",-82.733333,27.733333,"gbif145",-82.733333,27.733333,NA,NA,NA,NA,NA,NA
"53",-75.85,23.916667,"gbif146",-75.85,23.916667,NA,NA,NA,NA,NA,NA
"54",-84.15,30.066667,"gbif147",-84.15,30.066667,NA,NA,NA,NA,NA,NA
"55",-82.566667,27.3,"gbif148",-82.566667,27.3,NA,NA,NA,NA,NA,NA
"56",-82.5819596221522,27.8436457947388,"gbif149",-82.6,27.866667,-82.6007391535786,27.8668571545005,-82.5819596221522,27.8436457947388,3.10894243674058,3.16819997685016
"57",-96.0039952293638,19.0798382772706,"gbif15",-96.005976,19.052901,-96.0039952293638,19.0798382772706,-96.0039952293638,19.0798382772706,2.98903366073149,0
"58",-80.033333,26.6,"gbif150",-80.033333,26.6,NA,NA,NA,NA,NA,NA
"59",-40.4480000655812,-20.7123811487163,"gbif151",-40.491244,-20.674096,-40.4480000655812,-20.7123811487163,-40.4480000655812,-20.7123811487163,6.1856958468154,0
"60",-66.5123170957585,18.506854390515,"gbif152",-66.46405,18.226288,-66.5123170957585,18.4483489673271,-66.5123170957585,18.506854390515,31.4704183646452,6.47570173116208
"61",-61.71142804223,10.6372730640978,"gbif153",-61.637091,10.678381,-61.677150727966,10.6528163377411,-61.71142804223,10.6372730640978,9.31803650956557,4.12576862732763
"62",-61.5780700129654,10.6372730640978,"gbif154",-61.623749,10.677065,-61.6114095202815,10.6372730640978,-61.5780700129654,10.6372730640978,6.65961412575013,3.64797611620098
"63",-61.5780700129654,10.6372730640978,"gbif155",-61.623749,10.677065,-61.6114095202815,10.6372730640978,-61.5780700129654,10.6372730640978,6.65961412575013,3.64797611620098
"64",-61.5780700129654,10.6372730640978,"gbif156",-61.591163,10.684285,-61.5905693294438,10.6375650045547,-61.5780700129654,10.6372730640978,5.39375247439869,1.36804342452435
"65",-82.32705,9.40405,"gbif157",-82.32705,9.40405,NA,NA,NA,NA,NA,NA
"66",-68.105,10.703,"gbif158",-68.105,10.703,NA,NA,NA,NA,NA,NA
"67",-68.105,10.703,"gbif159",-68.105,10.703,NA,NA,NA,NA,NA,NA
"68",-45.3083904426746,-23.7087810300111,"gbif16",-45.345609,-23.738628,-45.31950361178,-23.7087810300111,-45.3083904426746,-23.7087810300111,5.03289998239975,1.13331525669188
"69",-68.1792924615669,10.5705816969248,"gbif160",-68.159,10.499,-68.1463992112249,10.5272873416653,-68.1792924615669,10.5705816969248,8.22331410882829,5.99113177643195
"70",-68.105,10.703,"gbif161",-68.105,10.703,NA,NA,NA,NA,NA,NA
"71",-68.1792924615669,10.5705816969248,"gbif162",-68.159,10.499,-68.1463992112249,10.5272873416653,-68.1792924615669,10.5705816969248,8.22331410882829,5.99113177643195
"72",-68.105,10.703,"gbif163",-68.105,10.703,NA,NA,NA,NA,NA,NA
"73",-91.2167,27.7333,"gbif164",-91.2167,27.7333,NA,NA,NA,NA,NA,NA
"74",-77.1809594369328,18.506854390515,"gbif165",-77.25,18.25,-77.1809594369328,18.4442835425953,-77.1809594369328,18.506854390515,29.3509895458972,6.92568378683902
"75",-68.231847,10.6797,"gbif166",-68.231847,10.6797,NA,NA,NA,NA,NA,NA
"76",-68.1792924615669,10.8373471656169,"gbif167",-68.224478,10.848044,-68.22669193273,10.8477886708453,-68.1792924615669,10.8373471656169,5.08051171895547,5.31002501591007
"77",-68.2525349608767,10.7883758345448,"gbif168",-68.276664,10.809625,-68.2525349608767,10.7883758345448,-68.2525349608767,10.7883758345448,3.53376212085686,0
"78",-68.231847,10.6797,"gbif169",-68.231847,10.6797,NA,NA,NA,NA,NA,NA
"79",-69.0461196517874,19.0151908114116,"gbif17",-69.15,18.73333,-69.0461196517874,19.0151908114116,-69.0461196517874,19.0151908114116,33.0636035847286,0
"80",-63.852292,10.689072,"gbif170",-63.852292,10.689072,NA,NA,NA,NA,NA,NA
"81",-68.231847,10.6797,"gbif171",-68.231847,10.6797,NA,NA,NA,NA,NA,NA
"82",-63.852292,10.689072,"gbif172",-63.852292,10.689072,NA,NA,NA,NA,NA,NA
"83",-63.852292,10.689072,"gbif173",-63.852292,10.689072,NA,NA,NA,NA,NA,NA
"84",-68.013239,10.476722,"gbif174",-68.013239,10.476722,NA,NA,NA,NA,NA,NA
"85",-68.231847,10.6797,"gbif175",-68.231847,10.6797,NA,NA,NA,NA,NA,NA
"86",-68.231847,10.679701,"gbif176",-68.231847,10.679701,NA,NA,NA,NA,NA,NA
"87",-68.231847,10.679701,"gbif177",-68.231847,10.679701,NA,NA,NA,NA,NA,NA
"88",-82.166667,26.433333,"gbif178",-82.166667,26.433333,NA,NA,NA,NA,NA,NA
"89",-82.9153546953139,27.9103371619118,"gbif179",-82.852507,27.880525,-82.8570105575106,27.8803928677075,-82.9153546953139,27.9103371619118,7.01448205309295,6.6339423931526
"90",-69.0461196517874,19.0151908114116,"gbif18",-69.15,18.73333,-69.0461196517874,19.0151908114116,-69.0461196517874,19.0151908114116,33.0636035847286,0
"91",-82.101965,26.424991,"gbif180",-82.101965,26.424991,NA,NA,NA,NA,NA,NA
"92",-60.8446008520096,14.6387550944794,"gbif181",-60.87972,14.671389,-60.882961705711,14.6705278209516,-60.8446008520096,14.6387550944794,5.22962626285382,5.42531587391649
"93",-60.8446008520096,14.6387550944794,"gbif182",-60.87972,14.671389,-60.882961705711,14.6705278209516,-60.8446008520096,14.6387550944794,5.22962626285382,5.42531587391649
"94",-82.5672160391677,27.3302291761469,"gbif183",-82.530653,27.336435,-82.5672160391677,27.3302291761469,-82.5672160391677,27.3302291761469,3.68306441388701,0
"95",-82.5672160391677,27.3302291761469,"gbif184",-82.530653,27.336435,-82.5672160391677,27.3302291761469,-82.5672160391677,27.3302291761469,3.68306441388701,0
"96",-80.046985,26.773214,"gbif185",-80.046985,26.773214,NA,NA,NA,NA,NA,NA
"97",-80.044466,26.76841,"gbif186",-80.044466,26.76841,NA,NA,NA,NA,NA,NA
"98",-85.889,27.382,"gbif187",-85.889,27.382,NA,NA,NA,NA,NA,NA
"99",-81.767,26.033,"gbif188",-81.767,26.033,NA,NA,NA,NA,NA,NA
"100",-82.167,26.5,"gbif189",-82.167,26.5,NA,NA,NA,NA,NA,NA
"101",-69.0461196517874,19.0151908114116,"gbif19",-69.15,18.73333,-69.0461196517874,19.0151908114116,-69.0461196517874,19.0151908114116,33.0636035847286,0
"102",-38.5567999392213,-12.8563464466283,"gbif190",-38.489459,-12.819603,-38.5567999392213,-12.8563464466283,-38.5567999392213,-12.8563464466283,8.36428715496724,0
"103",-35.6399333209854,-9.70359392367543,"gbif191",-35.729471,-9.677282,-35.6771847501553,-9.72555473358619,-35.6399333209854,-9.70359392367543,10.247898943939,4.75492606845222
"104",-38.6881168470352,-12.7713968136347,"gbif192",-38.615465,-12.745891,-38.6881168470352,-12.7713968136347,-38.6881168470352,-12.7713968136347,8.37856505304459,0
"105",-38.708712,-12.857755,"gbif193",-38.708712,-12.857755,NA,NA,NA,NA,NA,NA
"106",-44.3748842378218,-23.1752500926269,"gbif194",-44.347421,-23.040762,-44.3748842378218,-23.1366393011057,-44.3748842378218,-23.1752500926269,15.1573239536209,4.27599719971474
"107",-38.708712,-12.857755,"gbif195",-38.708712,-12.857755,NA,NA,NA,NA,NA,NA
"108",-39.1739210964993,-17.5132714629077,"gbif196",-39.190528,-17.527427,-39.1739210964993,-17.5132714629077,-39.1739210964993,-17.5132714629077,2.35883691740723,0
"109",-38.3737729209113,-13.0381622823268,"gbif197",-38.432939,-12.989146,-38.4083657860531,-13.0415751783278,-38.3737729209113,-13.0381622823268,8.4023045154772,3.77114749164224
"110",-38.5553509554551,-12.8589042765629,"gbif198",-38.48654,-12.82136,-38.5553509554551,-12.8589042765629,-38.5553509554551,-12.8589042765629,8.54675195598237,0
"111",-35.6399333209854,-9.70359392367543,"gbif199",-35.724579,-9.67394,-35.6732382449038,-9.7213441014239,-35.6399333209854,-9.70359392367543,9.85120497875433,4.14862001306834
"112",-79.7097,25.4989,"gbif2",-79.7097,25.4989,NA,NA,NA,NA,NA,NA
"113",-69.0461196517874,19.0151908114116,"gbif20",-69.15,18.73333,-69.0461196517874,19.0151908114116,-69.0461196517874,19.0151908114116,33.0636035847286,0
"114",-44.5082422670865,-23.1428056437319,"gbif200",-44.556505,-23.058137,-44.5082422670865,-23.1428056437319,-44.5082422670865,-23.1428056437319,10.6003659647377,0
"115",-44.3748842378218,-23.1752500926269,"gbif201",-44.381024,-22.984198,-44.3748842378218,-23.1366393011057,-44.3748842378218,-23.1752500926269,21.1674317919462,4.27599719971474
"116",-45.5751065012039,-23.9088551315302,"gbif202",-45.42285,-23.828051,-45.5405370863625,-23.9339608360257,-45.5751065012039,-23.9088551315302,17.9051247618729,4.48548836206064
"117",-43.9770327838489,-23.0418673582808,"gbif203",-44.046671,-22.948462,-43.9770327838489,-23.0418673582808,-43.9770327838489,-23.0418673582808,12.5687976260897,0
"118",-38.5578278922588,-12.8545318079252,"gbif204",-38.487527,-12.816171,-38.5578278922588,-12.8545318079252,-38.5578278922588,-12.8545318079252,8.73213022825189,0
"119",-38.708712,-12.857755,"gbif205",-38.708712,-12.857755,NA,NA,NA,NA,NA,NA
"120",-48.477745,-27.417112,"gbif206",-48.477745,-27.417112,NA,NA,NA,NA,NA,NA
"121",-43.9770327838489,-23.0418673582808,"gbif207",-43.98814,-23.052527,-43.9770327838489,-23.0418673582808,-43.9770327838489,-23.0418673582808,1.63993340727863,0
"122",-38.6248003493762,-12.9293671904916,"gbif208",-38.643194,-12.946867,-38.6248003493762,-12.9293671904916,-38.6248003493762,-12.9293671904916,2.78059155562913,0
"123",-38.5611596411479,-12.8486500851232,"gbif209",-38.493664,-12.811819,-38.5611596411479,-12.8486500851232,-38.5611596411479,-12.8486500851232,8.38387057591391,0
"124",-39.5675,-19.552222,"gbif210",-39.5675,-19.552222,NA,NA,NA,NA,NA,NA
"125",-44.3748842378218,-23.1752500926269,"gbif211",-44.268464,-23.015086,-44.3748842378218,-23.1366393011057,-44.3748842378218,-23.1752500926269,20.8202927197001,4.27599719971474
"126",-41.875394,-22.741431,"gbif212",-41.875394,-22.741431,NA,NA,NA,NA,NA,NA
"127",-41.9744397110576,-22.9751759911078,"gbif213",-42.043276,-22.904733,-42.0005833093017,-22.9568043048434,-41.9744397110576,-22.9751759911078,10.5216461194963,3.36555222195461
"128",-41.9744397110576,-22.9751759911078,"gbif214",-42.043276,-22.904733,-42.0005833093017,-22.9568043048434,-41.9744397110576,-22.9751759911078,10.5216461194963,3.36555222195461
"129",-38.5738099648083,-12.9047795479807,"gbif215",-38.498535,-12.913717,-38.5293572883867,-12.9047795479807,-38.5738099648083,-12.9047795479807,8.2287605348147,4.82427079125909
"130",-41.9744397110576,-22.9751759911078,"gbif216",-42.043276,-22.904733,-42.0005833093017,-22.9568043048434,-41.9744397110576,-22.9751759911078,10.5216461194963,3.36555222195461
"131",-38.491196,-3.706609,"gbif217",-38.491196,-3.706609,NA,NA,NA,NA,NA,NA
"132",-44.6416002963512,-23.1803801977941,"gbif218",-44.717096,-23.205308,-44.6416002963512,-23.1803801977941,-44.6416002963512,-23.1803801977941,8.20720113939831,0
"133",-43.1079829598073,-22.8417932567618,"gbif219",-43.171875,-22.817128,-43.1213187627338,-22.8417932567618,-43.1079829598073,-22.8417932567618,7.10462166841883,1.36880915040375
"134",-44.3486761124729,-23.1711313891272,"gbif220",-44.287312,-23.131248,-44.3486761124729,-23.1711313891272,-44.3486761124729,-23.1711313891272,7.68112929565985,0
"135",-38.505615,-3.605364,"gbif221",-38.505615,-3.605364,NA,NA,NA,NA,NA,NA
"136",-35.6399333209854,-9.70359392367543,"gbif222",-35.699559,-9.665225,-35.6503319151575,-9.69244384182963,-35.6399333209854,-9.70359392367543,7.79916431954266,1.68019787570773
"137",-38.708712,-12.857755,"gbif223",-38.708712,-12.857755,NA,NA,NA,NA,NA,NA
"138",-48.477745,-27.417112,"gbif224",-48.477745,-27.417112,NA,NA,NA,NA,NA,NA
"139",-97.8514539729579,22.4416450537236,"gbif225",-97.840139,22.38965,-97.8448146518233,22.3883797371553,-97.8514539729579,22.4416450537236,5.87438603878437,5.93785634508305
"140",-97.733333,23.75,"gbif226",-97.733333,23.75,NA,NA,NA,NA,NA,NA
"141",-72.1188,12.2413,"gbif227",-72.1188,12.2413,NA,NA,NA,NA,NA,NA
"142",-72.1188,12.2413,"gbif228",-72.1188,12.2413,NA,NA,NA,NA,NA,NA
"143",-45.2628,-23.7378,"gbif229",-45.2628,-23.7378,NA,NA,NA,NA,NA,NA
"144",-69.0461196517874,19.0151908114116,"gbif23",-69.15,18.73333,-69.0461196517874,19.0151908114116,-69.0461196517874,19.0151908114116,33.0636035847286,0
"145",-88.0783,16.7917,"gbif230",-88.0783,16.7917,NA,NA,NA,NA,NA,NA
"146",-82.2111,26.2953,"gbif231",-82.2111,26.2953,NA,NA,NA,NA,NA,NA
"147",-82.6994,24.6028,"gbif232",-82.6994,24.6028,NA,NA,NA,NA,NA,NA
"148",-82.6994,24.6028,"gbif233",-82.6994,24.6028,NA,NA,NA,NA,NA,NA
"149",-67.1791072420819,18.2400889218229,"gbif234",-67.15,18.2,-67.1800810949008,18.2016272202144,-67.1791072420819,18.2400889218229,5.40062364961166,4.25828314903397
"150",-74.120872050667,11.3640730109982,"gbif235",-74.1107,11.3277,-74.120872050667,11.3640730109982,-74.120872050667,11.3640730109982,4.17384810952052,0
"151",-70.6464160029635,19.7724024771079,"gbif236",-70.717489,19.399184,-70.6464160029635,19.7724024771079,-70.6464160029635,19.7724024771079,41.9823736002862,0
"152",-70.6464160029635,19.7724024771079,"gbif237",-70.717489,19.399184,-70.6464160029635,19.7724024771079,-70.6464160029635,19.7724024771079,41.9823736002862,0
"153",-70.6464160029635,19.7724024771079,"gbif238",-70.717489,19.399184,-70.6464160029635,19.7724024771079,-70.6464160029635,19.7724024771079,41.9823736002862,0
"154",-97.266667,27.516667,"gbif239",-97.266667,27.516667,NA,NA,NA,NA,NA,NA
"155",-69.0461196517874,19.0151908114116,"gbif24",-69.15,18.73333,-69.0461196517874,19.0151908114116,-69.0461196517874,19.0151908114116,33.0636035847286,0
"156",-97.266667,27.516667,"gbif240",-97.266667,27.516667,NA,NA,NA,NA,NA,NA
"157",-97.266667,27.516667,"gbif241",-97.266667,27.516667,NA,NA,NA,NA,NA,NA
"158",-97.266667,27.516667,"gbif242",-97.266667,27.516667,NA,NA,NA,NA,NA,NA
"159",-97.266667,27.516667,"gbif243",-97.266667,27.516667,NA,NA,NA,NA,NA,NA
"160",-97.266667,27.516667,"gbif244",-97.266667,27.516667,NA,NA,NA,NA,NA,NA
"161",-81.666667,24.333333,"gbif245",-81.666667,24.333333,NA,NA,NA,NA,NA,NA
"162",-52.587299,5.28575,"gbif246",-52.587299,5.28575,NA,NA,NA,NA,NA,NA
"163",-52.587299,5.28575,"gbif247",-52.587299,5.28575,NA,NA,NA,NA,NA,NA
"164",-52.487,5.640333,"gbif248",-52.487,5.640333,NA,NA,NA,NA,NA,NA
"165",-80.035883,26.617808,"gbif249",-80.035883,26.617808,NA,NA,NA,NA,NA,NA
"166",-69.0461196517874,19.0151908114116,"gbif25",-69.15,18.73333,-69.0461196517874,19.0151908114116,-69.0461196517874,19.0151908114116,33.0636035847286,0
"167",-75.158052,19.88715,"gbif250",-75.158052,19.88715,NA,NA,NA,NA,NA,NA
"168",-78.759834,9.534186,"gbif251",-78.759834,9.534186,NA,NA,NA,NA,NA,NA
"169",-78.759834,9.534186,"gbif252",-78.759834,9.534186,NA,NA,NA,NA,NA,NA
"170",-75.593758,10.411264,"gbif253",-75.593758,10.411264,NA,NA,NA,NA,NA,NA
"171",-86.739051,21.248739,"gbif254",-86.739051,21.248739,NA,NA,NA,NA,NA,NA
"172",-65.5788108909057,18.2400889218229,"gbif255",-65.628411,18.264775,-65.6005468815961,18.2685772579674,-65.5788108909057,18.2400889218229,5.9143347463758,3.90205753957
"173",-88.366667,16.529504,"gbif256",-88.366667,16.529504,NA,NA,NA,NA,NA,NA
"174",-85.8492313391369,16.4394220081512,"gbif257",-85.88764,16.467121,-85.8825266814948,16.4625702198575,-85.8492313391369,16.4394220081512,5.12045678625264,4.38229065638341
"175",-80.03776,26.657915,"gbif258",-80.03776,26.657915,NA,NA,NA,NA,NA,NA
"176",-34.8167,-9.0833,"gbif259",-34.8167,-9.0833,NA,NA,NA,NA,NA,NA
"177",-40.4481739643771,-20.7125551703053,"gbif26",-40.5,-20.66667,-40.4481739643771,-20.7125551703053,-40.4481739643771,-20.7125551703053,7.41354214207246,0
"178",-62.9783293202445,18.1733975546499,"gbif260",-63.038,18.128,-62.9984611912252,18.1442031793131,-62.9783293202445,18.1733975546499,8.06931550785724,3.87022305352632
"179",-75.17202,19.93643,"gbif261",-75.17202,19.93643,NA,NA,NA,NA,NA,NA
"180",-75.17202,19.93643,"gbif262",-75.17202,19.93643,NA,NA,NA,NA,NA,NA
"181",-75.17202,19.93643,"gbif263",-75.17202,19.93643,NA,NA,NA,NA,NA,NA
"182",-75.17202,19.93643,"gbif264",-75.17202,19.93643,NA,NA,NA,NA,NA,NA
"183",-75.17202,19.93643,"gbif265",-75.17202,19.93643,NA,NA,NA,NA,NA,NA
"184",-75.17202,19.93643,"gbif266",-75.17202,19.93643,NA,NA,NA,NA,NA,NA
"185",-75.17202,19.93643,"gbif267",-75.17202,19.93643,NA,NA,NA,NA,NA,NA
"186",-75.17202,19.93643,"gbif268",-75.17202,19.93643,NA,NA,NA,NA,NA,NA
"187",-75.17202,19.93643,"gbif269",-75.17202,19.93643,NA,NA,NA,NA,NA,NA
"188",-72.713465456566,18.9070025935532,"gbif27",-72.41667,19,-72.6606819239989,18.9070025935532,-72.713465456566,18.9070025935532,32.9101708209197,5.56076660497167
"189",-75.17202,19.93643,"gbif270",-75.17202,19.93643,NA,NA,NA,NA,NA,NA
"190",-75.17202,19.93643,"gbif271",-75.17202,19.93643,NA,NA,NA,NA,NA,NA
"191",-75.17202,19.93643,"gbif272",-75.17202,19.93643,NA,NA,NA,NA,NA,NA
"192",-75.17202,19.93643,"gbif273",-75.17202,19.93643,NA,NA,NA,NA,NA,NA
"193",-70.283333,11.85,"gbif274",-70.283333,11.85,NA,NA,NA,NA,NA,NA
"194",-91.973052,19.844223,"gbif275",-91.973052,19.844223,NA,NA,NA,NA,NA,NA
"195",-80.181515095388,25.7095220452019,"gbif276",-80.14466,25.75772,-80.1801991332639,25.7623199156958,-80.181515095388,25.7095220452019,6.4951429016697,5.85065711339606
"196",-80.0481570661234,26.5765098184513,"gbif277",-80.0694,26.5708,-80.0886852483884,26.5734959543178,-80.0481570661234,26.5765098184513,2.20888843184265,4.05141842139981
"197",-80.0481570661234,26.5765098184513,"gbif278",-80.0694,26.5708,-80.0886852483884,26.5734959543178,-80.0481570661234,26.5765098184513,2.20888843184265,4.05141842139981
"198",-80.0481570661234,26.5765098184513,"gbif279",-80.0694,26.5708,-80.0886852483884,26.5734959543178,-80.0481570661234,26.5765098184513,2.20888843184265,4.05141842139981
"199",-80.04663,26.79021,"gbif280",-80.04663,26.79021,NA,NA,NA,NA,NA,NA
"200",-80.02763,26.77174,"gbif281",-80.02763,26.77174,NA,NA,NA,NA,NA,NA
"201",-80.0481570661234,26.5765098184513,"gbif282",-80.0694,26.5708,-80.0886852483884,26.5734959543178,-80.0481570661234,26.5765098184513,2.20888843184265,4.05141842139981
"202",-80.046319,26.77365,"gbif283",-80.046319,26.77365,NA,NA,NA,NA,NA,NA
"203",-80.04679,26.58144,"gbif284",-80.04679,26.58144,NA,NA,NA,NA,NA,NA
"204",-80.046645,26.76476,"gbif285",-80.046645,26.76476,NA,NA,NA,NA,NA,NA
"205",-80.04183,26.77338,"gbif286",-80.04183,26.77338,NA,NA,NA,NA,NA,NA
"206",-80.046645,26.76476,"gbif287",-80.046645,26.76476,NA,NA,NA,NA,NA,NA
"207",-83.0457,29.1404,"gbif288",-83.0457,29.1404,NA,NA,NA,NA,NA,NA
"208",-69.0461196517874,19.0151908114116,"gbif29",-69.15,18.73333,-69.0461196517874,19.0151908114116,-69.0461196517874,19.0151908114116,33.0636035847286,0
"209",-80.04679,26.58144,"gbif290",-80.04679,26.58144,NA,NA,NA,NA,NA,NA
"210",-80.04679,26.58144,"gbif291",-80.04679,26.58144,NA,NA,NA,NA,NA,NA
"211",-80.0481570661234,26.3097443497592,"gbif292",-80.07136,26.3358,-80.1093556534766,26.3370108797366,-80.0481570661234,26.3097443497592,3.7013886071468,6.81618357485442
"212",-80.04514,26.77659,"gbif293",-80.04514,26.77659,NA,NA,NA,NA,NA,NA
"213",-80.04679,26.58144,"gbif294",-80.04679,26.58144,NA,NA,NA,NA,NA,NA
"214",-61.5780700129654,16.3727306409781,"gbif295",-61.522778,16.392778,-61.5196373102318,16.3927713947996,-61.5780700129654,16.3727306409781,6.30961219518031,6.62451007138667
"215",-61.550567,16.300267,"gbif296",-61.550567,16.300267,NA,NA,NA,NA,NA,NA
"216",-61.511390998333,16.1726565394591,"gbif297",-61.561111,16.15,-61.5715696366506,16.1485631469798,-61.511390998333,16.1726565394591,5.87886684923907,6.96638456033049
"217",-61.511390998333,16.1726565394591,"gbif298",-61.53985,16.226883,-61.5280374992246,16.2145703091478,-61.511390998333,16.1726565394591,6.72817751168452,4.96800873266986
"218",-61.511390998333,16.1726565394591,"gbif299",-61.530444,16.2235,-61.5247293164654,16.2175311735194,-61.511390998333,16.1726565394591,5.9838312138806,5.16659033044306
"219",-90.028675,21.167814,"gbif3",-90.028675,21.167814,NA,NA,NA,NA,NA,NA
"220",-64.645304686053,18.506854390515,"gbif300",-64.572671,18.477206,-64.6087602274902,18.5100607574882,-64.645304686053,18.506854390515,8.34313344528256,3.87528274941975
"221",-67.2457862567142,18.1733975546499,"gbif301",-67.184625,18.165234,-67.1855031190562,18.1655677053901,-67.2457862567142,18.1733975546499,6.5338497165588,6.43676450380635
"222",-70.3130209298018,11.7710263060393,"gbif302",-70.241207,11.774828,-70.2733304009272,11.7514447406369,-70.3130209298018,11.7710263060393,7.83850264617551,4.83814107738409
"223",-82.022314,26.44897,"gbif303",-82.022314,26.44897,NA,NA,NA,NA,NA,NA
"224",-80.181515095388,27.1767321230085,"gbif304",-80.933675,26.754231,-80.877602106818,26.7972057273716,-80.181515095388,27.1767321230085,88.1382396290266,80.8882178241922
"225",-81.680946,25.860923,"gbif306",-81.680946,25.860923,NA,NA,NA,NA,NA,NA
"226",-82.5819596221522,27.2434234901816,"gbif307",-82.541487,27.255538,-82.5391899217678,27.2563961295158,-82.5819596221522,27.2434234901816,4.22701378812969,4.47294575997743
"227",-81.24619,24.672292,"gbif308",-81.24619,24.672292,NA,NA,NA,NA,NA,NA
"228",-81.698508,25.939358,"gbif309",-81.698508,25.939358,NA,NA,NA,NA,NA,NA
"229",-81.698508,25.939358,"gbif310",-81.698508,25.939358,NA,NA,NA,NA,NA,NA
"230",-81.35508,25.697884,"gbif311",-81.35508,25.697884,NA,NA,NA,NA,NA,NA
"231",-81.698508,25.939358,"gbif312",-81.698508,25.939358,NA,NA,NA,NA,NA,NA
"232",-82.100935,26.452659,"gbif313",-82.100935,26.452659,NA,NA,NA,NA,NA,NA
"233",-82.100935,26.452659,"gbif314",-82.100935,26.452659,NA,NA,NA,NA,NA,NA
"234",-82.100935,26.452659,"gbif315",-82.100935,26.452659,NA,NA,NA,NA,NA,NA
"235",-82.100935,26.452659,"gbif316",-82.100935,26.452659,NA,NA,NA,NA,NA,NA
"236",-60.6985724794992,11.2993588716062,"gbif317",-60.666667,11.25,-60.6985724794992,11.2993588716062,-60.6985724794992,11.2993588716062,6.47652256698834,0
"237",-62.686111,17.202222,"gbif318",-62.686111,17.202222,NA,NA,NA,NA,NA,NA
"238",-69.0461196517874,19.0151908114116,"gbif32",-69.15,18.73333,-69.0461196517874,19.0151908114116,-69.0461196517874,19.0151908114116,33.0636035847286,0
"239",-80.821734,24.819859,"gbif320",-80.821734,24.819859,NA,NA,NA,NA,NA,NA
"240",-73.1135395443601,18.506854390515,"gbif321",-73.086446,18.439275,-73.0848557780946,18.4594121951966,-73.1135395443601,18.506854390515,8.00872512530346,6.06231024179527
"241",-82.022314,26.44897,"gbif322",-82.022314,26.44897,NA,NA,NA,NA,NA,NA
"242",-82.262039,26.748959,"gbif323",-82.262039,26.748959,NA,NA,NA,NA,NA,NA
"243",-67.151018,18.216158,"gbif324",-67.151018,18.216158,NA,NA,NA,NA,NA,NA
"244",-82.353633,26.931721,"gbif325",-82.353633,26.931721,NA,NA,NA,NA,NA,NA
"245",-77.9811076125208,18.506854390515,"gbif326",-77.898774,18.471,-77.9144285978885,18.5088127014597,-77.9811076125208,18.506854390515,9.55800659513782,7.04448864284651
"246",-82.3819225782552,26.9099666543164,"gbif327",-82.371091,26.958505,-82.3730382023249,26.9572199303532,-82.3819225782552,26.9099666543164,5.48470382761812,5.30961617692697
"247",-81.8397206523127,26.3249711440883,"gbif328",-81.778697,26.339806,-81.8397206523127,26.3249711440883,-81.8397206523127,26.3249711440883,6.31006620953714,0
"248",-82.631411,27.382186,"gbif329",-82.631411,27.382186,NA,NA,NA,NA,NA,NA
"249",-90,25,"gbif33",-90,25,NA,NA,NA,NA,NA,NA
"250",-82.5819596221522,27.2434234901816,"gbif330",-82.530653,27.256556,-82.5381225237479,27.2539773244562,-82.5819596221522,27.2434234901816,5.28538996869032,4.49617964496297
"251",-81.35508,25.574406,"gbif331",-81.35508,25.574406,NA,NA,NA,NA,NA,NA
"252",-82.022314,26.44897,"gbif332",-82.022314,26.44897,NA,NA,NA,NA,NA,NA
"253",-82.353633,26.931721,"gbif333",-82.353633,26.931721,NA,NA,NA,NA,NA,NA
"254",-82.5797,27.336426,"gbif334",-82.5797,27.336426,NA,NA,NA,NA,NA,NA
"255",-82.194817,26.527578,"gbif335",-82.194817,26.527578,NA,NA,NA,NA,NA,NA
"256",-82.139798,26.446042,"gbif336",-82.139798,26.446042,NA,NA,NA,NA,NA,NA
"257",-80.821734,24.819859,"gbif337",-80.821734,24.819859,NA,NA,NA,NA,NA,NA
"258",-82.139798,26.446042,"gbif338",-82.139798,26.446042,NA,NA,NA,NA,NA,NA
"259",-82.774268,27.771694,"gbif339",-82.774268,27.771694,NA,NA,NA,NA,NA,NA
"260",-80.042063,26.584347,"gbif341",-80.042063,26.584347,NA,NA,NA,NA,NA,NA
"261",-83.1925,21.629444,"gbif342",-83.1925,21.629444,NA,NA,NA,NA,NA,NA
"262",-82.762601,27.591978,"gbif343",-82.762601,27.591978,NA,NA,NA,NA,NA,NA
"263",-81.511473,24.642644,"gbif344",-81.511473,24.642644,NA,NA,NA,NA,NA,NA
"264",-80.821734,24.819859,"gbif345",-80.821734,24.819859,NA,NA,NA,NA,NA,NA
"265",-97.205837,26.08143,"gbif346",-97.205837,26.08143,NA,NA,NA,NA,NA,NA
"266",-80.042819,26.545626,"gbif347",-80.042819,26.545626,NA,NA,NA,NA,NA,NA
"267",-83.458513,13.879154,"gbif348",-83.458513,13.879154,NA,NA,NA,NA,NA,NA
"268",-97.654992019653,24.9759170062986,"gbif349",-99.637367,25.291451,-97.654992019653,24.9759170062986,-97.654992019653,24.9759170062986,202.934468037201,0
"269",-81.831202,26.13957,"gbif350",-81.831202,26.13957,NA,NA,NA,NA,NA,NA
"270",-81.680946,25.860923,"gbif351",-81.680946,25.860923,NA,NA,NA,NA,NA,NA
"271",-82.60547,27.387707,"gbif352",-82.60547,27.387707,NA,NA,NA,NA,NA,NA
"272",-85.5825152806075,9.87005557613932,"gbif353",-85.452013,10.148275,-85.5825152806075,9.87005557613932,-85.5825152806075,9.87005557613932,33.9364284546961,0
"273",-82.34875,26.927108,"gbif354",-82.34875,26.927108,NA,NA,NA,NA,NA,NA
"274",-81.8397206523127,26.3249711440883,"gbif355",-81.778697,26.339806,-81.8397206523127,26.3249711440883,-81.8397206523127,26.3249711440883,6.31006620953714,0
"275",-82.768514,27.768346,"gbif356",-82.768514,27.768346,NA,NA,NA,NA,NA,NA
"276",-82.753635,27.771251,"gbif357",-82.753635,27.771251,NA,NA,NA,NA,NA,NA
"277",-82.678155,27.703363,"gbif358",-82.678155,27.703363,NA,NA,NA,NA,NA,NA
"278",-85.307566,29.810945,"gbif359",-85.307566,29.810945,NA,NA,NA,NA,NA,NA
"279",-69.0461196517874,19.0151908114116,"gbif36",-69.15,18.73333,-69.0461196517874,19.0151908114116,-69.0461196517874,19.0151908114116,33.0636035847286,0
"280",-82.8348373512982,27.9735043305913,"gbif360",-82.800125,27.965897,-82.8348373512982,27.9735043305913,-82.8348373512982,27.9735043305913,3.51783454726898,0
"281",-82.5819596221522,27.2434234901816,"gbif361",-82.536318,27.24582,-82.5347670345677,27.2463727908659,-82.5819596221522,27.2434234901816,4.52810566492338,4.6853184828749
"282",-86.3159844415632,15.8389656987968,"gbif362",-86.263794,14.978775,-86.3159844415632,15.8389656987968,-86.3159844415632,15.8389656987968,95.3466207441132,0
"283",-80.042819,26.545626,"gbif363",-80.042819,26.545626,NA,NA,NA,NA,NA,NA
"284",-83.458513,13.879154,"gbif364",-83.458513,13.879154,NA,NA,NA,NA,NA,NA
"285",-41.9744397110576,-22.9751759911078,"gbif365",-42.028541,-22.967804,-42.0240759929657,-22.9732485010697,-41.9744397110576,-22.9751759911078,5.60751453492776,5.09427990585415
"286",-80.056986,26.615902,"gbif366",-80.056986,26.615902,NA,NA,NA,NA,NA,NA
"287",-80.056986,26.615902,"gbif367",-80.056986,26.615902,NA,NA,NA,NA,NA,NA
"288",-87.5162067049453,30.3112263801408,"gbif368",-87.573594,30.294368,-87.575988357409,30.3009833111379,-87.5162067049453,30.3112263801408,5.82797451037408,5.86136907059681
"289",-105.852935728839,22.6417191552427,"gbif369",-102.922852,23.886978,-105.811261344693,22.6417191552427,-105.852935728839,22.6417191552427,329.995447322383,4.28375847533025
"290",-69.0461196517874,19.0151908114116,"gbif37",-69.15,18.73333,-69.0461196517874,19.0151908114116,-69.0461196517874,19.0151908114116,33.0636035847286,0
"291",-76.7808853491387,17.9066320859578,"gbif370",-76.8,17.966667,-76.7943421975652,17.9511103888608,-76.7808853491387,17.9066320859578,6.94634197005635,5.12511059884775
"292",-81.1626491678353,25.3760652093368,"gbif371",-80.975905,25.42206,-81.1626491678353,25.3760652093368,-81.1626491678353,25.3760652093368,19.4690483730206,0
"293",-82.056729,26.418153,"gbif372",-82.056729,26.418153,NA,NA,NA,NA,NA,NA
"294",-81.1626491678353,25.3760652093368,"gbif373",-80.975905,25.42206,-81.1626491678353,25.3760652093368,-81.1626491678353,25.3760652093368,19.4690483730206,0
"295",-38.707167994073,-12.7592711105123,"gbif374",-42.183333,-10.716667,-38.707167994073,-12.7592711105123,-38.707167994073,-12.7592711105123,441.155476995208,0
"296",-38.707167994073,-12.9047795479807,"gbif375",-38.7,-13,-38.707167994073,-12.9381252315673,-38.707167994073,-12.9047795479807,10.5628419286234,3.68900008254137
"297",-38.707167994073,-12.9047795479807,"gbif376",-38.7,-13,-38.707167994073,-12.9381252315673,-38.707167994073,-12.9047795479807,10.5628419286234,3.68900008254137
"298",-45.2417114280422,-23.7754723971841,"gbif377",-45.335426,-23.843601,-45.2591059535985,-23.7754723971841,-45.2417114280422,-23.7754723971841,12.1708778600746,1.77298189524898
"299",-43.1079829598073,-23.0337010684229,"gbif378",-43.066667,-22.966667,-43.1079829598073,-23.0337010684229,-43.1079829598073,-23.0337010684229,8.54703410683875,0
"300",-38.707167994073,-12.7592711105123,"gbif379",-40.925631,-10.600066,-38.707167994073,-12.7592711105123,-38.707167994073,-12.7592711105123,339.91859931809,0
"301",-69.0461196517874,19.0151908114116,"gbif38",-69.15,18.73333,-69.0461196517874,19.0151908114116,-69.0461196517874,19.0151908114116,33.0636035847286,0
"302",-38.90720503797,-13.3049277510189,"gbif380",-42,-12,-38.9405445452862,-13.3049277510189,-38.90720503797,-13.3049277510189,365.671998718186,3.61236262131723
"303",-82.100935,26.452659,"gbif381",-82.100935,26.452659,NA,NA,NA,NA,NA,NA
"304",-80.04586,26.682444,"gbif382",-80.04586,26.682444,NA,NA,NA,NA,NA,NA
"305",-76.5141692906094,21.3078918117822,"gbif383",-76.55,21.216667,-76.5451151867607,21.2484413310884,-76.5141692906094,21.3078918117822,10.7632603970251,7.3240011865992
"306",-94,20,"gbif384",-94,20,NA,NA,NA,NA,NA,NA
"307",-64.9786997592147,18.3067802889959,"gbif385",-64.923819,18.334855,-64.9351682439657,18.3143573838353,-64.9786997592147,18.3067802889959,6.58131304000882,4.67785832354478
"308",-77.1809594369328,18.506854390515,"gbif386",-77.274719,18.169277,-77.1809594369328,18.4442835425953,-77.1809594369328,18.506854390515,38.6563154494199,6.92568378683902
"309",-97.2513428412669,20.974434975917,"gbif387",-97.305151,20.970661,-97.2981748459791,20.9768152007427,-97.2513428412669,20.974434975917,5.61105947087993,4.87705937228435
"310",-81.883983,24.539315,"gbif388",-81.883983,24.539315,NA,NA,NA,NA,NA,NA
"311",-94,20,"gbif389",-94,20,NA,NA,NA,NA,NA,NA
"312",-69.0461196517874,19.0151908114116,"gbif39",-69.15,18.73333,-69.0461196517874,19.0151908114116,-69.0461196517874,19.0151908114116,33.0636035847286,0
"313",-97.1846638266345,26.0429788810671,"gbif390",-97.980248,26.037453,-97.2180033339507,26.0429788810671,-97.1846638266345,26.0429788810671,79.6271958329789,3.33666128320888
"314",-92.6504908316355,18.2400889218229,"gbif391",-93.066667,17.383333,-92.6727171698463,18.2400889218229,-92.6504908316355,18.2400889218229,104.585764066341,2.35067485922538
"315",-37.9070198184849,-4.37495368655056,"gbif392",-39.683333,-6.55,-37.9070198184849,-4.37495368655056,-37.9070198184849,-4.37495368655056,310.796316820983,0
"316",-94,20,"gbif393",-94,20,NA,NA,NA,NA,NA,NA
"317",-96.998245,20.479445,"gbif394",-96.998245,20.479445,NA,NA,NA,NA,NA,NA
"318",-97.1179848120022,20.6409781400519,"gbif395",-97.15377,20.644638,-97.1386951231402,20.6542747125057,-97.1179848120022,20.6409781400519,3.75132788363818,2.61249914166172
"319",-81.7818114465642,25.9762875138941,"gbif396",-81.728607,25.969477,-81.738753550683,25.9726443563924,-81.7818114465642,25.9762875138941,5.38109188069895,4.33064071769518
"320",-97.674387,24.081698,"gbif397",-97.674387,24.081698,NA,NA,NA,NA,NA,NA
"321",-83.5821448416373,22.1971100407558,"gbif398",-83.683333,22.416667,-83.5821448416373,22.1971100407558,-83.5821448416373,22.1971100407558,26.453762068824,0
"322",-80.04586,26.682444,"gbif399",-80.04586,26.682444,NA,NA,NA,NA,NA,NA
"323",-90.059444,21.160836,"gbif4",-90.059444,21.160836,NA,NA,NA,NA,NA,NA
"324",-69.0461196517874,19.0151908114116,"gbif40",-69.15,18.73333,-69.0461196517874,19.0151908114116,-69.0461196517874,19.0151908114116,33.0636035847286,0
"325",-82.100935,26.452659,"gbif400",-82.100935,26.452659,NA,NA,NA,NA,NA,NA
"326",-82.100935,26.452659,"gbif401",-82.100935,26.452659,NA,NA,NA,NA,NA,NA
"327",-86.495783,30.393534,"gbif402",-86.495783,30.393534,NA,NA,NA,NA,NA,NA
"328",-77.1142804223004,26.5098184512783,"gbif403",-77.083333,26.466667,-77.0813590757831,26.4586698611344,-77.1142804223004,26.5098184512783,5.69015394174725,6.54898297885348
"329",-80.04586,26.682444,"gbif404",-80.04586,26.682444,NA,NA,NA,NA,NA,NA
"330",-70.6464160029635,18.3923675435347,"gbif405",-70.666667,19,-70.6464160029635,18.3923675435347,-70.6464160029635,18.3923675435347,67.2915839266193,0
"331",-82.100935,26.452659,"gbif406",-82.100935,26.452659,NA,NA,NA,NA,NA,NA
"332",-81.698508,25.939358,"gbif407",-81.698508,25.939358,NA,NA,NA,NA,NA,NA
"333",-80.04586,26.682444,"gbif408",-80.04586,26.682444,NA,NA,NA,NA,NA,NA
"334",-80.04586,26.682444,"gbif409",-80.04586,26.682444,NA,NA,NA,NA,NA,NA
"335",-40.4481739643771,-20.7125551703053,"gbif41",-40.5,-20.66667,-40.4481739643771,-20.7125551703053,-40.4481739643771,-20.7125551703053,7.41354214207246,0
"336",-80.04586,26.682444,"gbif410",-80.04586,26.682444,NA,NA,NA,NA,NA,NA
"337",-64.3119096128913,18.506854390515,"gbif411",-64.359085,18.504745,-64.3642068792696,18.506854390515,-64.3119096128913,18.506854390515,4.98714119439006,5.52250450292966
"338",-82.100935,26.452659,"gbif412",-82.100935,26.452659,NA,NA,NA,NA,NA,NA
"339",-82.022314,26.44897,"gbif413",-82.022314,26.44897,NA,NA,NA,NA,NA,NA
"340",-82.100935,26.452659,"gbif414",-82.100935,26.452659,NA,NA,NA,NA,NA,NA
"341",-80.04586,26.682444,"gbif415",-80.04586,26.682444,NA,NA,NA,NA,NA,NA
"342",-82.022314,26.44897,"gbif416",-82.022314,26.44897,NA,NA,NA,NA,NA,NA
"343",-97.205837,26.08143,"gbif417",-97.205837,26.08143,NA,NA,NA,NA,NA,NA
"344",-67.15407,18.427445,"gbif418",-67.15407,18.427445,NA,NA,NA,NA,NA,NA
"345",-67.15407,18.427445,"gbif419",-67.15407,18.427445,NA,NA,NA,NA,NA,NA
"346",-69.0461196517874,19.0151908114116,"gbif42",-69.15,18.73333,-69.0461196517874,19.0151908114116,-69.0461196517874,19.0151908114116,33.0636035847286,0
"347",-64.415796,18.73835,"gbif420",-64.415796,18.73835,NA,NA,NA,NA,NA,NA
"348",-94,20,"gbif421",-94,20,NA,NA,NA,NA,NA,NA
"349",-66.5789961103908,17.9733234531308,"gbif422",-66.612951,18.024687,-66.6112234461765,17.9728768989192,-66.5789961103908,17.9733234531308,6.72675396475151,3.41391163352827
"350",-82.100935,26.452659,"gbif423",-82.100935,26.452659,NA,NA,NA,NA,NA,NA
"351",-97.2513428412669,20.974434975917,"gbif424",-97.305151,20.970661,-97.2981748459791,20.9768152007427,-97.2513428412669,20.974434975917,5.61105947087993,4.87705937228435
"352",-97.7847749583256,22.3082623193776,"gbif425",-97.86772,22.27817,-97.8078842940438,22.2921009649084,-97.7847749583256,22.3082623193776,9.17393306471174,2.97877209452431
"353",-97.1846638266345,26.0429788810671,"gbif426",-97.980248,26.037453,-97.2180033339507,26.0429788810671,-97.1846638266345,26.0429788810671,79.6271958329789,3.33666128320888
"354",-68.3126504908316,12.1044831419044,"gbif427",-68.313171,12.165099,-68.3116738164897,12.1665570502425,-68.3126504908316,12.1044831419044,6.70571729283906,6.86759432152607
"355",-38.679356,-12.890749,"gbif428",-38.679356,-12.890749,NA,NA,NA,NA,NA,NA
"356",-82.022314,26.44897,"gbif429",-82.022314,26.44897,NA,NA,NA,NA,NA,NA
"357",-69.0461196517874,19.0151908114116,"gbif43",-69.15,18.73333,-69.0461196517874,19.0151908114116,-69.0461196517874,19.0151908114116,33.0636035847286,0
"358",-94.575,28.825,"gbif430",-94.575,28.825,NA,NA,NA,NA,NA,NA
"359",-52.6430820522319,-32.6454242311967,"gbif431",-52.6,-32.65,-52.5965491250188,-32.6505384892325,-52.6430820522319,-32.6454242311967,4.07380870280668,4.40252424617639
"360",-82.189261,26.522023,"gbif432",-82.189261,26.522023,NA,NA,NA,NA,NA,NA
"361",-80.056986,26.615902,"gbif433",-80.056986,26.615902,NA,NA,NA,NA,NA,NA
"362",-80.056986,26.615902,"gbif434",-80.056986,26.615902,NA,NA,NA,NA,NA,NA
"363",-82.100935,26.452659,"gbif435",-82.100935,26.452659,NA,NA,NA,NA,NA,NA
"364",-82.572716,27.68911,"gbif436",-82.572716,27.68911,NA,NA,NA,NA,NA,NA
"365",-70.7130950175958,19.8406817339756,"gbif437",-70.789825,19.761632,-70.7650694795732,19.8432790055595,-70.7130950175958,19.8406817339756,11.8832957670535,5.45197174568639
"366",-82.353633,26.931721,"gbif438",-82.353633,26.931721,NA,NA,NA,NA,NA,NA
"367",-82.353633,26.931721,"gbif439",-82.353633,26.931721,NA,NA,NA,NA,NA,NA
"368",-69.0461196517874,19.0151908114116,"gbif44",-69.15,18.73333,-69.0461196517874,19.0151908114116,-69.0461196517874,19.0151908114116,33.0636035847286,0
"369",-94.9842563437674,29.6709892552797,"gbif440",-96.429426,32.013489,-94.9842563437674,29.6709892552797,-94.9842563437674,29.6709892552797,294.199980190077,0
"370",-83.458513,13.879154,"gbif441",-83.458513,13.879154,NA,NA,NA,NA,NA,NA
"371",-83.1820707538433,23.0418673582809,"gbif442",-83.171474,22.930294,-83.1717729093469,22.9756069148163,-83.1820707538433,23.0418673582809,12.4037322537836,7.41350143570701
"372",-80.056986,26.615902,"gbif443",-80.056986,26.615902,NA,NA,NA,NA,NA,NA
"373",-64.645304686053,18.506854390515,"gbif444",-64.572671,18.477206,-64.6087602274902,18.5100607574882,-64.645304686053,18.506854390515,8.34313344528256,3.87528274941975
"374",-61.5780700129654,10.6372730640978,"gbif445",-61.616667,10.683333,-61.6114095202815,10.6372730640978,-61.5780700129654,10.6372730640978,6.61733771227163,3.64797611620098
"375",-82.022314,26.44897,"gbif446",-82.022314,26.44897,NA,NA,NA,NA,NA,NA
"376",-43.1079829598073,-22.8417932567618,"gbif447",-43.277548,-22.875113,-43.1213187627338,-22.8417932567618,-43.1079829598073,-22.8417932567618,17.7891981940149,1.36880915040375
"377",-80.0895382146591,9.24999793958367,"gbif448",-80,9.166667,-80.0895382146591,9.24999793958367,-80.0895382146591,9.24999793958367,13.4819609506657,0
"378",-64.9120207445823,18.440163023342,"gbif449",-64.927338,18.379812,-64.9259413277112,18.3877435259909,-64.9120207445823,18.440163023342,6.87318042746684,5.9855475296883
"379",-82.100935,26.452659,"gbif450",-82.100935,26.452659,NA,NA,NA,NA,NA,NA
"380",-43.1079829598073,-23.0418673582808,"gbif451",-43.180732,-22.969012,-43.1329875902944,-23.0418673582808,-43.1079829598073,-23.0418673582808,10.9872652744506,2.56274800701478
"381",-93.679385,28.321486,"gbif452",-93.679385,28.321486,NA,NA,NA,NA,NA,NA
"382",-82.100935,26.452659,"gbif453",-82.100935,26.452659,NA,NA,NA,NA,NA,NA
"383",-82.100935,26.452659,"gbif454",-82.100935,26.452659,NA,NA,NA,NA,NA,NA
"384",-94,20,"gbif455",-94,20,NA,NA,NA,NA,NA,NA
"385",-44.3748842378218,-23.1752500926269,"gbif456",-44.325,-23.016667,-44.3748842378218,-23.1366393011057,-44.3748842378218,-23.1752500926269,18.2908025406376,4.27599719971474
"386",-81.7818114465642,25.9762875138941,"gbif457",-81.72917,25.97222,-81.7378739447607,25.97494190914,-81.7818114465642,25.9762875138941,5.29071736038069,4.4023567910013
"387",-84.2489349879607,9.43682845498334,"gbif458",-84,10,-84.2489349879607,9.47409716016826,-84.2489349879607,9.43682845498334,68.015681061523,4.12203966211913
"388",-75.5806630857566,10.4371989625787,"gbif459",-75.5,10.416667,-75.5207930967359,10.4339371204003,-75.5806630857566,10.4371989625787,9.11935958070934,6.56509927918107
"389",-69.0461196517874,19.0151908114116,"gbif46",-69.15,18.73333,-69.0461196517874,19.0151908114116,-69.0461196517874,19.0151908114116,33.0636035847286,0
"390",-46.375254676792,-24.1005928121527,"gbif460",-46.333333,-23.95,-46.375254676792,-24.1005928121527,-46.375254676792,-24.1005928121527,17.2160362763955,0
"391",-85.69944,30.17361,"gbif461",-85.69944,30.17361,NA,NA,NA,NA,NA,NA
"392",-85.52111,29.98417,"gbif462",-85.52111,29.98417,NA,NA,NA,NA,NA,NA
"393",-38.5620060118036,-12.9820189012132,"gbif463",-38.516667,-12.983333,-38.5620060118036,-12.9820189012132,-38.5620060118036,-12.9820189012132,4.92108150073955,0
"394",-81.68861,25.87472,"gbif464",-81.68861,25.87472,NA,NA,NA,NA,NA,NA
"395",-83.715502870902,29.9158418461864,"gbif465",-83.30056,30.41944,-83.715502870902,29.9158418461864,-83.715502870902,29.9158418461864,68.6592177308794,0
"396",-82.8338581218744,27.9770285290849,"gbif466",-82.80944,27.97167,-82.8338581218744,27.9770285290849,-82.8338581218744,27.9770285290849,2.47468401022985,0
"397",-81.67889,25.845,"gbif467",-81.67889,25.845,NA,NA,NA,NA,NA,NA
"398",-80.05722,26.61556,"gbif468",-80.05722,26.61556,NA,NA,NA,NA,NA,NA
"399",-85.6491942952399,30.1111522786217,"gbif470",-85.66028,30.15861,-85.6752501579399,30.1474842361363,-85.6491942952399,30.1111522786217,5.36827857253935,4.74608018474651
"400",-80.05722,26.61556,"gbif471",-80.05722,26.61556,NA,NA,NA,NA,NA,NA
"401",-80.05722,26.61556,"gbif472",-80.05722,26.61556,NA,NA,NA,NA,NA,NA
"402",-86.85639,30.38222,"gbif473",-86.85639,30.38222,NA,NA,NA,NA,NA,NA
"403",-83.715502870902,29.9158418461864,"gbif474",-83.30056,30.41944,-83.715502870902,29.9158418461864,-83.715502870902,29.9158418461864,68.6592177308794,0
"404",-96.2511576217818,19.3738421637644,"gbif475",-96.666667,19.333333,-96.3077337554092,19.3738421637644,-96.2511576217818,19.3738421637644,43.8862711396427,5.94358774618211
"405",-76.447490275977,18.2400889218229,"gbif476",-76.466667,18.183333,-76.4632158787669,18.1923871238965,-76.447490275977,18.2400889218229,6.6012574848735,5.5355679376918
"406",-85.7781070568623,11.037421267136,"gbif477",-85.716667,11.05,-85.7781070568623,11.037421267136,-85.7781070568623,11.037421267136,6.85630268667237,0
"407",-38.5620060118036,-12.9820189012132,"gbif478",-38.516667,-12.983333,-38.5620060118036,-12.9820189012132,-38.5620060118036,-12.9820189012132,4.92108150073955,0
"408",-96.2511576217818,19.3738421637644,"gbif479",-96.666667,19.333333,-96.3077337554092,19.3738421637644,-96.2511576217818,19.3738421637644,43.8862711396427,5.94358774618211
"409",-90,25,"gbif48",-90,25,NA,NA,NA,NA,NA,NA
"410",-80.05722,26.61556,"gbif480",-80.05722,26.61556,NA,NA,NA,NA,NA,NA
"411",-63.284695735939,10.7175649173182,"gbif481",-63.249167,10.669722,-63.284695735939,10.7175649173182,-63.284695735939,10.7175649173182,6.56596434562375,0
"412",-80.05722,26.61556,"gbif482",-80.05722,26.61556,NA,NA,NA,NA,NA,NA
"413",-80.05722,26.61556,"gbif483",-80.05722,26.61556,NA,NA,NA,NA,NA,NA
"414",-80.05722,26.61556,"gbif484",-80.05722,26.61556,NA,NA,NA,NA,NA,NA
"415",-70.6464160029635,18.3923675435347,"gbif485",-70.7,18.75,-70.6464160029635,18.3923675435347,-70.6464160029635,18.3923675435347,39.9871706326248,0
"416",-80.05722,26.61556,"gbif486",-80.05722,26.61556,NA,NA,NA,NA,NA,NA
"417",-80.8,24.78333,"gbif487",-80.8,24.78333,NA,NA,NA,NA,NA,NA
"418",-96.1177995925171,19.2404594294183,"gbif488",-96.133333,19.2,-96.1260892238459,19.2070743502635,-96.1177995925171,19.2404594294183,4.76717775600377,3.79694510629904
"419",-88.2496758659011,17.2397184142275,"gbif489",-88.75,17.25,-88.2941285423226,17.2397184142275,-88.2496758659011,17.2397184142275,53.2199322359945,4.7275228401131
"420",-86.849416558622,20.4409040385328,"gbif49",-86.9,20.45,-86.8902826791285,20.4397628076493,-86.849416558622,20.4409040385328,5.3735599777861,4.26637615190349
"421",-81.1817003148731,29.5776213412375,"gbif490",-81.69806,29.42417,-81.6484534172995,29.3330863282697,-81.1817003148731,29.5776213412375,52.8792136894387,52.7718809896954
"422",-81.1817003148731,29.5776213412375,"gbif491",-81.69806,29.42417,-81.6484534172995,29.3330863282697,-81.1817003148731,29.5776213412375,52.8792136894387,52.7718809896954
"423",-80.05722,26.61556,"gbif492",-80.05722,26.61556,NA,NA,NA,NA,NA,NA
"424",-80.05722,26.61556,"gbif493",-80.05722,26.61556,NA,NA,NA,NA,NA,NA
"425",-82.82806,27.97694,"gbif494",-82.82806,27.97694,NA,NA,NA,NA,NA,NA
"426",-75.1139099833302,19.9073731011486,"gbif495",-75.133333,20.033333,-75.1355187053035,19.9722911331033,-75.1139099833302,19.9073731011486,14.091626578196,7.53424881501191
"427",-75.1139099833302,19.9073731011486,"gbif496",-75.133333,20.033333,-75.1355187053035,19.9722911331033,-75.1139099833302,19.9073731011486,14.091626578196,7.53424881501191
"428",-93.116667,28.216667,"gbif497",-93.116667,28.216667,NA,NA,NA,NA,NA,NA
"429",-93.1,28.433333,"gbif498",-93.1,28.433333,NA,NA,NA,NA,NA,NA
"430",-93.5,28.883333,"gbif499",-93.5,28.883333,NA,NA,NA,NA,NA,NA
"431",-90.047053,21.165753,"gbif5",-90.047053,21.165753,NA,NA,NA,NA,NA,NA
"432",-90.028675,21.167814,"gbif50",-90.028675,21.167814,NA,NA,NA,NA,NA,NA
"433",-73.3135765882571,21.1745090774361,"gbif500",-73.3,21.083333,-73.2980679732285,21.1134818244502,-73.3135765882571,21.1745090774361,10.192919868047,6.94622289220181
"434",-81.8396313095806,26.3246732415436,"gbif501",-81.77889,26.33944,-81.8396313095806,26.3246732415436,-81.8396313095806,26.3246732415436,6.28090321541232,0
"435",-72.4467493980367,18.6402371248611,"gbif502",-72.416667,18.716667,-72.4398091258413,18.6894414269928,-72.4467493980367,18.6402371248611,9.03547608956747,5.4953082624741
"436",-81.94833,26.45167,"gbif503",-81.94833,26.45167,NA,NA,NA,NA,NA,NA
"437",-82.7312730660818,27.7325884991333,"gbif504",-82.67944,27.77056,-82.7312730660818,27.7325884991333,-82.7312730660818,27.7325884991333,6.61953094432621,0
"438",-83.7266160400074,12.5046313449426,"gbif505",-85,13,-83.7266160400074,12.5046313449426,-83.7266160400074,12.5046313449426,148.740903702796,0
"439",-81.116667,23.183333,"gbif506",-81.116667,23.183333,NA,NA,NA,NA,NA,NA
"440",-92.6504908316355,18.6402371248611,"gbif507",-92.65,18.583333,-92.6504908316355,18.5926004340232,-92.6504908316355,18.6402371248611,6.29876420795453,5.27276865046878
"441",-82.29111,26.82944,"gbif508",-82.29111,26.82944,NA,NA,NA,NA,NA,NA
"442",-82.29111,26.82944,"gbif509",-82.29111,26.82944,NA,NA,NA,NA,NA,NA
"443",-90.059453,21.160836,"gbif51",-90.059453,21.160836,NA,NA,NA,NA,NA,NA
"444",-82.25778,26.71194,"gbif510",-82.25778,26.71194,NA,NA,NA,NA,NA,NA
"445",-82.25778,26.71194,"gbif511",-82.25778,26.71194,NA,NA,NA,NA,NA,NA
"446",-92.6971661418781,14.9722119303446,"gbif512",-92.316667,15.333333,-92.6971661418781,14.9722119303446,-92.6971661418781,14.9722119303446,57.1741722004708,0
"447",-82.0225,26.44861,"gbif513",-82.0225,26.44861,NA,NA,NA,NA,NA,NA
"448",-82.0225,26.44861,"gbif514",-82.0225,26.44861,NA,NA,NA,NA,NA,NA
"449",-82.11389,26.44,"gbif515",-82.11389,26.44,NA,NA,NA,NA,NA,NA
"450",-86.85639,30.38222,"gbif516",-86.85639,30.38222,NA,NA,NA,NA,NA,NA
"451",-60.8,13.25,"gbif517",-60.8,13.25,NA,NA,NA,NA,NA,NA
"452",-63.8451565104649,10.9040385327899,"gbif518",-63.9,10.95,-63.8896091868864,10.9040385327899,-63.8451565104649,10.9040385327899,7.86054016518419,4.85968990511774
"453",-77.225,26.516667,"gbif519",-77.225,26.516667,NA,NA,NA,NA,NA,NA
"454",-90.047053,21.165753,"gbif52",-90.047053,21.165753,NA,NA,NA,NA,NA,NA
"455",-79.933333,26.533333,"gbif520",-79.933333,26.533333,NA,NA,NA,NA,NA,NA
"456",-80.5815891831821,28.1771026306039,"gbif521",-81.2,27.95,-80.6234896113901,28.147919777803,-80.5815891831821,28.1771026306039,65.7958264363833,5.23395147271623
"457",-79.933333,26.6,"gbif522",-79.933333,26.6,NA,NA,NA,NA,NA,NA
"458",-79.933333,26.6,"gbif523",-79.933333,26.6,NA,NA,NA,NA,NA,NA
"459",-79.933333,26.6,"gbif524",-79.933333,26.6,NA,NA,NA,NA,NA,NA
"460",-79.933333,26.6,"gbif525",-79.933333,26.6,NA,NA,NA,NA,NA,NA
"461",-79.933333,26.6,"gbif526",-79.933333,26.6,NA,NA,NA,NA,NA,NA
"462",-85.34194,29.80083,"gbif527",-85.34194,29.80083,NA,NA,NA,NA,NA,NA
"463",-82.11389,26.44,"gbif528",-82.11389,26.44,NA,NA,NA,NA,NA,NA
"464",-80.25639,27.29972,"gbif529",-80.25639,27.29972,NA,NA,NA,NA,NA,NA
"465",-61.08764,14.528109,"gbif53",-61.08764,14.528109,NA,NA,NA,NA,NA,NA
"466",-67.0457492128172,17.9066320859578,"gbif54",-67.0491,17.9445,-67.0511252701626,17.9488153345451,-67.0457492128172,17.9066320859578,4.20619464295154,4.70341902745358
"467",-66.95409,10.6048,"gbif55",-66.95409,10.6048,NA,NA,NA,NA,NA,NA
"468",-44.9083163548805,-23.4378732403766,"gbif56",-44.9075,-23.334167,-44.9083163548805,-23.4378732403766,-44.9083163548805,-23.4378732403766,11.485710377739,0
"469",-45.5751065012039,-23.9088551315302,"gbif57",-45.422778,-23.827778,-45.5406501342978,-23.933854525616,-45.5751065012039,-23.9088551315302,17.9266175836723,4.46915937670309
"470",-90.064417,21.16075,"gbif58",-90.064417,21.16075,NA,NA,NA,NA,NA,NA
"471",-90.047222,21.161528,"gbif59",-90.047222,21.161528,NA,NA,NA,NA,NA,NA
"472",-91.572944,18.72625,"gbif6",-91.572944,18.72625,NA,NA,NA,NA,NA,NA
"473",-46.375254676792,-24.1005928121527,"gbif60",-46.33,-23.96,-46.375254676792,-24.1005928121527,-46.375254676792,-24.1005928121527,16.2381184524102,0
"474",-44.9749953695129,-23.508706928492,"gbif61",-45.069722,-23.430278,-45.0295509269393,-23.508706928492,-44.9749953695129,-23.508706928492,13.0040052699675,5.57199748983185
"475",-88.6497499536951,15.8280844757317,"gbif62",-88.6166,15.6961,-88.6497499536951,15.8280844757317,-88.6497499536951,15.8280844757317,15.0306268620657,0
"476",-80.0481570661234,26.9766580214895,"gbif63",-80.0849,26.9757,-80.1064422329465,26.9816622686443,-80.0481570661234,26.9766580214895,3.64922980766544,5.8126632419116
"477",-80.0481570661234,26.9766580214895,"gbif64",-80.0945,26.94722,-80.1009858238022,26.9458808410224,-80.0481570661234,26.9766580214895,5.64015856417884,6.25640261199033
"478",-63.75,11,"gbif65",-63.75,11,NA,NA,NA,NA,NA,NA
"479",-80.0481570661234,26.3097443497592,"gbif66",-80.065,26.34,-80.1091886345493,26.3414090199618,-80.0481570661234,26.3097443497592,3.75026224134295,7.03114268916036
"480",-80.061667,26.341667,"gbif67",-80.061667,26.341667,NA,NA,NA,NA,NA,NA
"481",-88.37128,16.52116,"gbif68",-88.37128,16.52116,NA,NA,NA,NA,NA,NA
"482",-86.8913,16.0902,"gbif69",-86.8913,16.0902,NA,NA,NA,NA,NA,NA
"483",-88.3903,15.8097,"gbif7",-88.3903,15.8097,NA,NA,NA,NA,NA,NA
"484",-81.7489,25.9913,"gbif70",-81.7489,25.9913,NA,NA,NA,NA,NA,NA
"485",-63.9679253130663,10.7272882530074,"gbif71",-63.955055,10.767196,-63.9679253130663,10.7272882530074,-63.9679253130663,10.7272882530074,4.63330344588918,0
"486",-61.087629,14.527585,"gbif72",-61.087629,14.527585,NA,NA,NA,NA,NA,NA
"487",-45.3083904426746,-23.7087810300111,"gbif73",-45.4333,-23.65,-45.31950361178,-23.7087810300111,-45.3083904426746,-23.7087810300111,14.3079164366981,1.13331525669188
"488",-70.2867,11.8583,"gbif74",-70.2867,11.8583,NA,NA,NA,NA,NA,NA
"489",-70.2867,11.8583,"gbif75",-70.2867,11.8583,NA,NA,NA,NA,NA,NA
"490",-77.6477125393591,8.90329751759911,"gbif76",-77.68,8.8883,-77.6853560396731,8.88169683721312,-77.6477125393591,8.90329751759911,3.91954216275133,4.78020334899004
"491",-66.935,11.8233,"gbif77",-66.935,11.8233,NA,NA,NA,NA,NA,NA
"492",-90.78347842193,19.6406076324565,"gbif78",-90.6833,19.65,-90.7405473203234,19.6617437436419,-90.78347842193,19.6406076324565,10.5579836513267,5.07407116781383
"493",-90.6024128769179,19.8800684906955,"gbif79",-90.55,19.8333,-90.6024128769179,19.8800684906955,-90.6024128769179,19.8800684906955,7.54603591894836,0
"494",-88.6497499536951,15.97258243794,"gbif8",-88.6,15.9667,-88.6103732810237,15.9828764791645,-88.6497499536951,15.97258243794,5.36539197446557,4.3663286323235
"495",-79.9667,9.3667,"gbif80",-79.9667,9.3667,NA,NA,NA,NA,NA,NA
"496",-77.6383,8.9128,"gbif81",-77.6383,8.9128,NA,NA,NA,NA,NA,NA
"497",-77.6477125393591,8.90329751759911,"gbif82",-77.6883,8.9019,-77.6970738876076,8.89118363962475,-77.6477125393591,8.90329751759911,4.46677764386433,5.5920617742815
"498",-64.225,10.8133,"gbif83",-64.225,10.8133,NA,NA,NA,NA,NA,NA
"499",-72.19028,12.19819,"gbif84",-72.19028,12.19819,NA,NA,NA,NA,NA,NA
"500",-72.245,12.075,"gbif85",-72.245,12.075,NA,NA,NA,NA,NA,NA
"501",-92.8300550307927,18.488592686095,"gbif86",-92.8167,18.4667,-92.8300550307927,18.488592686095,-92.8300550307927,18.488592686095,2.80381716733047,0
"502",-64.28361,11.18347,"gbif87",-64.28361,11.18347,NA,NA,NA,NA,NA,NA
"503",-64.2314,10.7983,"gbif88",-64.2314,10.7983,NA,NA,NA,NA,NA,NA
"504",-90.78347842193,19.6406076324565,"gbif89",-90.6833,19.6333,-90.7423819344006,19.6238423384408,-90.78347842193,19.6406076324565,10.5383020653082,4.6930750597437
"505",-88.4497129097981,15.905891070767,"gbif9",-88.4908,15.8361,-88.4395573151514,15.8687656471694,-88.4497129097981,15.905891070767,8.88857075872791,4.24970943959534
"506",-89.63527,21.282003,"gbif90",-89.63527,21.282003,NA,NA,NA,NA,NA,NA
"507",-69.886,12.418,"gbif91",-69.886,12.418,NA,NA,NA,NA,NA,NA
"508",-69.886,12.418,"gbif92",-69.886,12.418,NA,NA,NA,NA,NA,NA
"509",-44.3748842378218,-23.1752500926269,"gbif93",-44.319,-23.022,-44.3748842378218,-23.1366393011057,-44.3748842378218,-23.1752500926269,17.9113670654756,4.27599719971474
"510",-44.552,-23.57,"gbif94",-44.552,-23.57,NA,NA,NA,NA,NA,NA
"511",-40.4408223745138,-20.7076695072249,"gbif95",-40.505,-20.686,-40.460768682973,-20.7251572491989,-40.4408223745138,-20.7076695072249,7.10334363488037,2.83996755493289
"512",-40.4408223745138,-20.7076695072249,"gbif96",-40.5,-20.675,-40.4525934795069,-20.7169776126212,-40.4408223745138,-20.7076695072249,7.147908562087,1.6017108913249
"513",-80.057,26.398,"gbif97",-80.057,26.398,NA,NA,NA,NA,NA,NA
"514",-40.4408223745138,-20.7076695072249,"gbif98",-40.5,-20.675,-40.4525934795069,-20.7169776126212,-40.4408223745138,-20.7076695072249,7.147908562087,1.6017108913249
"515",-81.583,24.666,"gbif99",-81.583,24.666,NA,NA,NA,NA,NA,NA
